"cd_municipio","dt_versao_orc","cd_orgao","cd_unid_orc","dt_emissao_ne","nu_nota_empenho","dt_liquid_liq","tp_nf","nu_nf","nu_item_seq_in","de_item_in1","de_item_in2","de_unid_compra_in","nu_quant_comprada_in","vl_unit_item_in","vl_total_item_in","cd_ncm_in"
"002",200700,"01","01  ",2007-01-02 00:00:00,"0102004",2007-07-10 00:00:00,V,"4696012","001 ",FORNECIMENTO DE AGUA AO PODER LEGISLATIVO DESTE MUNICIPIO., ,UM,1.0000,30.450000,30.4500,
"002",200700,"01","01  ",2007-01-02 00:00:00,"0102004",2007-08-10 00:00:00,V,"46960120","001 ",FORNECIMENTO DE AGUA AO PODER LEGISLATIVO DESTE MUNICIPIO., ,UM,1.0000,30.450000,30.4500,
"002",200700,"01","01  ",2007-01-02 00:00:00,"0102004",2007-09-13 00:00:00,V,"46960120","001 ",FORNECIMENTO DE AGUA AO PODER LEGISLATIVO DESTE MUNICIPIO., ,UM,1.0000,13.450000,13.4500,
"002",200700,"01","01  ",2007-01-02 00:00:00,"0102005",2007-05-18 00:00:00,V,"82884191","001 ",FORNECIMENTO DE ENERGIA ELETRICA A ESTACASA LEGISLATIVA., ,UM,1.0000,53.420000,53.4200,
"002",200700,"01","01  ",2007-01-02 00:00:00,"0102005",2007-07-20 00:00:00,V,"88017531","001 ",FORNECIMENTO DE ENERGIA ELETRICA A ESTACASA LEGISLATIVA., ,UM,1.0000,48.430000,48.4300,
"002",200700,"01","01  ",2007-01-02 00:00:00,"0102005",2007-08-20 00:00:00,V,"90487061","001 ",FORNECIMENTO DE ENERGIA ELETRICA A ESTACASA LEGISLATIVA., ,UM,1.0000,48.740000,48.7400,
"002",200700,"01","01  ",2007-01-02 00:00:00,"0102005",2007-09-20 00:00:00,V,"93059786","001 ",FORNECIMENTO DE ENERGIA ELETRICA A ESTACASA LEGISLATIVA., ,UM,1.0000,48.590000,48.5900,
"002",200700,"01","01  ",2007-01-02 00:00:00,"0102005",2007-10-19 00:00:00,V,"95683182","001 ",FORNECIMENTO DE ENERGIA ELETRICA A ESTACASA LEGISLATIVA., ,UM,1.0000,48.630000,48.6300,
"002",200700,"01","01  ",2007-01-02 00:00:00,"0102005",2007-11-20 00:00:00,V,"98181339","001 ",FORNECIMENTO DE ENERGIA ELETRICA A ESTACASA LEGISLATIVA., ,UM,1.0000,50.760000,50.7600,
"002",200700,"01","01  ",2007-01-02 00:00:00,"0102005",2007-12-20 00:00:00,V,"10100574","001 ",FORNECIMENTO DE ENERGIA ELETRICA A ESTACASA LEGISLATIVA., ,UM,1.0000,48.610000,48.6100,
"002",200700,"01","01  ",2007-01-02 00:00:00,"0102007",2007-01-30 00:00:00,S,"2548","001 ","SERVICO DE LOCACAO DE SISTEMA DE CONTABILIDADE,FOLHA DE PAGAMENTO, LICITACAO, ALMOXARIFADO E PATRIMONIO.", ,UM,1.0000,660.000000,660.0000,
"002",200700,"01","01  ",2007-01-02 00:00:00,"0102007",2007-02-16 00:00:00,V,"002604","001 ","SERVICO DE LOCACAO DE SISTEMA DE CONTABILIDADE,FOLHA DE PAGAMENTO, LICITACAO, ALMOXARIFADO E PATRIMONIO.", ,UM,1.0000,660.000000,660.0000,
"002",200700,"01","01  ",2007-01-02 00:00:00,"0102007",2007-03-30 00:00:00,S,"2656","001 ","SERVICO DE LOCACAO DE SISTEMA DE CONTABILIDADE,FOLHA DE PAGAMENTO, LICITACAO, ALMOXARIFADO E PATRIMONIO.", ,UM,1.0000,660.000000,660.0000,
"002",200700,"01","01  ",2007-01-02 00:00:00,"0102007",2007-04-30 00:00:00,S,"002695","001 ","SERVICO DE LOCACAO DE SISTEMA DE CONTABILIDADE,FOLHA DE PAGAMENTO, LICITACAO, ALMOXARIFADO E PATRIMONIO.", ,UM,1.0000,660.000000,660.0000,
"002",200700,"01","01  ",2007-01-02 00:00:00,"0102007",2007-05-21 00:00:00,S,"2731","001 ","SERVICO DE LOCACAO DE SISTEMA DE CONTABILIDADE,FOLHA DE PAGAMENTO, LICITACAO, ALMOXARIFADO E PATRIMONIO.", ,UM,1.0000,660.000000,660.0000,
"002",200700,"01","01  ",2007-01-02 00:00:00,"0102007",2007-06-29 00:00:00,S,"2784","001 ","SERVICO DE LOCACAO DE SISTEMA DE CONTABILIDADE,FOLHA DE PAGAMENTO, LICITACAO, ALMOXARIFADO E PATRIMONIO.", ,UM,1.0000,660.000000,660.0000,
"002",200700,"01","01  ",2007-01-02 00:00:00,"0102007",2007-07-27 00:00:00,S,"002831","001 ","SERVICO DE LOCACAO DE SISTEMA DE CONTABILIDADE,FOLHA DE PAGAMENTO, LICITACAO, ALMOXARIFADO E PATRIMONIO.", ,UM,1.0000,660.000000,660.0000,
"002",200700,"01","01  ",2007-01-02 00:00:00,"0102007",2007-08-27 00:00:00,V,"002871","001 ","SERVICO DE LOCACAO DE SISTEMA DE CONTABILIDADE,FOLHA DE PAGAMENTO, LICITACAO, ALMOXARIFADO E PATRIMONIO.", ,UM,1.0000,660.000000,660.0000,
"002",200700,"01","01  ",2007-01-02 00:00:00,"0102007",2007-09-20 00:00:00,V,"002909","001 ","SERVICO DE LOCACAO DE SISTEMA DE CONTABILIDADE,FOLHA DE PAGAMENTO, LICITACAO, ALMOXARIFADO E PATRIMONIO.", ,UM,1.0000,660.000000,660.0000,
"002",200700,"01","01  ",2007-01-02 00:00:00,"0102007",2007-10-19 00:00:00,V,"2950","001 ","SERVICO DE LOCACAO DE SISTEMA DE CONTABILIDADE,FOLHA DE PAGAMENTO, LICITACAO, ALMOXARIFADO E PATRIMONIO.", ,UM,1.0000,660.000000,660.0000,
"002",200700,"01","01  ",2007-01-02 00:00:00,"0102007",2007-11-20 00:00:00,S,"002995","001 ","SERVICO DE LOCACAO DE SISTEMA DE CONTABILIDADE,FOLHA DE PAGAMENTO, LICITACAO, ALMOXARIFADO E PATRIMONIO.", ,UM,1.0000,660.000000,660.0000,
"002",200700,"01","01  ",2007-01-02 00:00:00,"0102008",2007-07-16 00:00:00,V,"0015","001 ",POSTAGEM DE DOCUMENTOS PERTENCENTE A ESTA CASA LEGISLATIVA., ,UM,1.0000,6.100000,6.1000,
"002",200700,"01","01  ",2007-01-02 00:00:00,"0102008",2007-10-30 00:00:00,V,"00024","001 ",POSTAGEM DE DOCUMENTOS PERTENCENTE A ESTA CASA LEGISLATIVA., ,UM,1.0000,10.500000,10.5000,
"002",200700,"01","01  ",2007-01-02 00:00:00,"0102009",2007-01-19 00:00:00,V,"5297","001 ",LOCACAO DE SERVICOS DE MOTOTAXISTA DESTINADO AO LEGISLATIVO., ,UM,1.0000,500.000000,500.0000,
"002",200700,"01","01  ",2007-01-02 00:00:00,"0102009",2007-02-16 00:00:00,V,"5404","001 ",LOCACAO DE SERVICOS DE MOTOTAXISTA DESTINADO AO LEGISLATIVO., ,UM,1.0000,500.000000,500.0000,
"002",200700,"01","01  ",2007-01-02 00:00:00,"0102009",2007-03-20 00:00:00,V,"5480","001 ",LOCACAO DE SERVICOS DE MOTOTAXISTA DESTINADO AO LEGISLATIVO., ,UM,1.0000,500.000000,500.0000,
"002",200700,"01","01  ",2007-04-02 00:00:00,"0402001",2007-10-19 00:00:00,V,"6183","001 ",LOCACAO DE VEICULO CONF. CONTRATO E LICITACAO.NA COMPLEMENTACAO DA NE 0119005., ,UM,1.0000,2500.000000,2500.0000,
"002",200700,"01","01  ",2007-04-02 00:00:00,"0402001",2007-11-20 00:00:00,V,"6192","001 ",LOCACAO DE VEICULO CONF. CONTRATO E LICITACAO.NA COMPLEMENTACAO DA NE 0119005., ,UM,1.0000,2500.000000,2500.0000,
"002",200700,"01","01  ",2007-04-02 00:00:00,"0402002",2007-04-20 00:00:00,V,"5493","001 ",SERVICOS A SEREM PRESTADOS NO FORNACIMENTO DE LANCHES AO VEREADORES POR       OCASIAO DAS SESSEOS ORDINARIAS DESTA CASA LEGISLATIVA., ,UM,1.0000,300.000000,300.0000,
"002",200700,"01","01  ",2007-04-04 00:00:00,"0404001",2007-04-20 00:00:00,V,"5489","001 ",SERVICOS A SEREM PRESTADOS DE ASSESSORIA DE IMPRENSA JUNTO AO LEGISLATIVO     MUNICIPAL., ,UM,1.0000,1000.000000,1000.0000,
"002",200700,"01","01  ",2007-04-10 00:00:00,"0410001",2007-04-20 00:00:00,V,"5491","001 ",SERVICOS A SEREM PRESTADO NA MANUTENCAO EQUIPAMENTO DE INFORMATICA  DE CASA   LEGISLATIVA., ,UM,1.0000,300.000000,300.0000,
"002",200700,"01","01  ",2007-05-02 00:00:00,"0502001",2007-05-18 00:00:00,V,"5500","001 ",SERVICOS A SEREM PRESTADO NA MANUTENCAO DOS EQUPAMENTOS DE INFORMATICA        DESTA CASA LEGISLATIVA., ,UM,1.0000,300.000000,300.0000,
"002",200700,"01","01  ",2007-05-02 00:00:00,"0502002",2007-05-18 00:00:00,V,"5498","001 ",SERVICOS A SEREM PRESTADOS DE ASSESSORIA DE IMPRESSA NAS ASSEMBLEIA ORDIARIA EEXTRAORDINARIA DESTA CASA LEGISLATIVA., ,UM,1.0000,1000.000000,1000.0000,
"002",200700,"01","01  ",2007-05-02 00:00:00,"0502003",2007-05-18 00:00:00,V,"5256","001 ",SERVICOS A SEREM PRESTADOS NO FORNCEIMENTO DE LANCHES POR OCASIAO SESSOES     DESTA CASA LEGISLATIVA., ,UM,1.0000,300.000000,300.0000,
"002",200700,"01","01  ",2007-05-10 00:00:00,"0510001",2007-05-30 00:00:00,M,"1762","001 ",AQUISICAO DE CARTUCHO IMPRESSORA JATO DE TINTA., ,UM,1.0000,518.000000,518.0000,
"002",200700,"01","01  ",2007-06-01 00:00:00,"0601001",2007-06-20 00:00:00,V,"5630","001 ","SERVICOS DE ASSESSORIA, CONSULTORIA E PROCESSAMENTO CONTABIL, CONF. LICITACAO E CONTRATO. NA COMPLEMENTACAO DA NE 0119003.", ,UM,1.0000,2000.000000,2000.0000,
"002",200700,"01","01  ",2007-06-01 00:00:00,"0601001",2007-07-20 00:00:00,V,"5927","001 ","SERVICOS DE ASSESSORIA, CONSULTORIA E PROCESSAMENTO CONTABIL, CONF. LICITACAO E CONTRATO. NA COMPLEMENTACAO DA NE 0119003.", ,UM,1.0000,2000.000000,2000.0000,
"002",200700,"01","01  ",2007-06-01 00:00:00,"0601001",2007-08-20 00:00:00,V,"5933","001 ","SERVICOS DE ASSESSORIA, CONSULTORIA E PROCESSAMENTO CONTABIL, CONF. LICITACAO E CONTRATO. NA COMPLEMENTACAO DA NE 0119003.", ,UM,1.0000,2000.000000,2000.0000,
"002",200700,"01","01  ",2007-06-01 00:00:00,"0601001",2007-10-19 00:00:00,V,"6182","001 ","SERVICOS DE ASSESSORIA, CONSULTORIA E PROCESSAMENTO CONTABIL, CONF. LICITACAO E CONTRATO. NA COMPLEMENTACAO DA NE 0119003.", ,UM,1.0000,2000.000000,2000.0000,
"002",200700,"01","01  ",2007-06-01 00:00:00,"0601001",2007-11-20 00:00:00,V,"6191","001 ","SERVICOS DE ASSESSORIA, CONSULTORIA E PROCESSAMENTO CONTABIL, CONF. LICITACAO E CONTRATO. NA COMPLEMENTACAO DA NE 0119003.", ,UM,1.0000,2000.000000,2000.0000,
"002",200700,"01","01  ",2007-06-01 00:00:00,"0601002",2007-06-20 00:00:00,V,"5629","001 ",ASSESSORIA JURIDICA AO LEGISLATIVO MUNICIPAL. NA COMPLEMENTACAO DA NE 0119004., ,UM,1.0000,2000.000000,2000.0000,
"002",200700,"01","01  ",2007-06-01 00:00:00,"0601002",2007-07-20 00:00:00,V,"5926","001 ",ASSESSORIA JURIDICA AO LEGISLATIVO MUNICIPAL. NA COMPLEMENTACAO DA NE 0119004., ,UM,1.0000,2000.000000,2000.0000,
"002",200700,"01","01  ",2007-06-01 00:00:00,"0601002",2007-08-20 00:00:00,V,"5932","001 ",ASSESSORIA JURIDICA AO LEGISLATIVO MUNICIPAL. NA COMPLEMENTACAO DA NE 0119004., ,UM,1.0000,2000.000000,2000.0000,
"002",200700,"01","01  ",2007-06-01 00:00:00,"0601002",2007-10-19 00:00:00,V,"5950","001 ",ASSESSORIA JURIDICA AO LEGISLATIVO MUNICIPAL. NA COMPLEMENTACAO DA NE 0119004., ,UM,1.0000,2000.000000,2000.0000,
"002",200700,"01","01  ",2007-06-01 00:00:00,"0601002",2007-11-20 00:00:00,V,"6190","001 ",ASSESSORIA JURIDICA AO LEGISLATIVO MUNICIPAL. NA COMPLEMENTACAO DA NE 0119004., ,UM,1.0000,2000.000000,2000.0000,
"002",200700,"01","01  ",2007-06-01 00:00:00,"0601003",2007-06-20 00:00:00,V,"5633","001 ",SERVICOS DE MOTO-TAXISTA DESTINADO AO LEGISLATIVO  NA COMPLEMENTACAO DA       NE.0102009, ,UM,1.0000,500.000000,500.0000,
"002",200700,"01","01  ",2007-06-01 00:00:00,"0601003",2007-07-20 00:00:00,V,"5931","001 ",SERVICOS DE MOTO-TAXISTA DESTINADO AO LEGISLATIVO  NA COMPLEMENTACAO DA       NE.0102009, ,UM,1.0000,500.000000,500.0000,
"002",200700,"01","01  ",2007-06-01 00:00:00,"0601003",2007-08-20 00:00:00,V,"5936","001 ",SERVICOS DE MOTO-TAXISTA DESTINADO AO LEGISLATIVO  NA COMPLEMENTACAO DA       NE.0102009, ,UM,1.0000,500.000000,500.0000,
"002",200700,"01","01  ",2007-06-01 00:00:00,"0601003",2007-10-19 00:00:00,V,"6185","001 ",SERVICOS DE MOTO-TAXISTA DESTINADO AO LEGISLATIVO  NA COMPLEMENTACAO DA       NE.0102009, ,UM,1.0000,500.000000,500.0000,
"002",200700,"01","01  ",2007-06-01 00:00:00,"0601003",2007-11-20 00:00:00,V,"6194","001 ",SERVICOS DE MOTO-TAXISTA DESTINADO AO LEGISLATIVO  NA COMPLEMENTACAO DA       NE.0102009, ,UM,1.0000,500.000000,500.0000,
"002",200700,"01","01  ",2007-06-01 00:00:00,"0601004",2007-06-20 00:00:00,V,"5632","001 ",SERVICOS A SEREM PRESTADO DE ASSESSORIA DE IMPRENSA DESTINADO AO LEGISLATIVO  MUNICIPAL., ,UM,1.0000,1000.000000,1000.0000,
"002",200700,"01","01  ",2007-06-01 00:00:00,"0601004",2007-07-20 00:00:00,V,"5930","001 ",SERVICOS A SEREM PRESTADO DE ASSESSORIA DE IMPRENSA DESTINADO AO LEGISLATIVO  MUNICIPAL., ,UM,1.0000,1000.000000,1000.0000,
"002",200700,"01","01  ",2007-06-01 00:00:00,"0601004",2007-08-20 00:00:00,V,"5935","001 ",SERVICOS A SEREM PRESTADO DE ASSESSORIA DE IMPRENSA DESTINADO AO LEGISLATIVO  MUNICIPAL., ,UM,1.0000,1000.000000,1000.0000,
"002",200700,"01","01  ",2007-06-01 00:00:00,"0601004",2007-10-19 00:00:00,V,"6184","001 ",SERVICOS A SEREM PRESTADO DE ASSESSORIA DE IMPRENSA DESTINADO AO LEGISLATIVO  MUNICIPAL., ,UM,1.0000,1000.000000,1000.0000,
"002",200700,"01","01  ",2007-06-01 00:00:00,"0601004",2007-11-20 00:00:00,V,"6193","001 ",SERVICOS A SEREM PRESTADO DE ASSESSORIA DE IMPRENSA DESTINADO AO LEGISLATIVO  MUNICIPAL., ,UM,1.0000,1000.000000,1000.0000,
"002",200700,"01","01  ",2007-06-01 00:00:00,"0601005",2007-06-20 00:00:00,V,"5634","001 ",SERVICOS A SEREM PRESTADOS DE ASSISTENCIA TECNICA DE INFORMATICA  NA          MANUTENCAO DOS EQUIPAMENTOS DESTA CASA LEGISLATIVA., ,UM,1.0000,300.000000,300.0000,
"002",200700,"01","01  ",2007-06-04 00:00:00,"0604001",2007-06-20 00:00:00,S,"103","001 ",SERVICOS A SEREM PRESTADOS DE ASSESSORIA TECNICA NA ELABORACAO E              ACOMPANHAMENTOS DE ATOS DO LEGISLATIVO CONF. CONTRATO E LICITACAO., ,UM,1.0000,12000.000000,12000.0000,
"002",200700,"01","01  ",2007-06-11 00:00:00,"0611003",2007-06-29 00:00:00,V,"5732","001 ",SERVICOS A SEREM PRESTADO NA ABERTURA DE LETREIRO E PINTURA DE BRASOES DESTA  CASA LEGISLATIVA., ,UM,1.0000,430.000000,430.0000,
"002",200700,"01","01  ",2007-06-18 00:00:00,"0618001",2007-06-20 00:00:00,M,"099","001 ",AQUISICAO DE MATERIAL DE LIMPEZA DESTINADO A ESTA CASA LEGISLATIVA, ,UM,1.0000,750.000000,750.0000,
"002",200700,"01","01  ",2007-07-02 00:00:00,"0702001",2007-07-20 00:00:00,V,"5929","001 ",SERVICOS A SEREM PRESTADOS NA MANUTENCAO DE APARELHO DE COMPUTACAO E          IMPRESSORAS PERTENCENTE A ESTA CASA LEGISLATIVA, ,UM,1.0000,300.000000,300.0000,
"002",200700,"01","01  ",2007-08-06 00:00:00,"0806001",2007-08-20 00:00:00,V,"5937","001 ",SERVICOS A SEREM PRESTADO NA MANUTENCAO DE APARELHO DE INFORMATICA DE CASA    LEGISLATIVA., ,UM,1.0000,300.000000,300.0000,
"002",200700,"01","01  ",2007-08-06 00:00:00,"0806002",2007-08-31 00:00:00,S,"0513","001 ",CONFECCAO DE CAPAS DE EMPNHOS, ,UM,1.0000,1365.210000,1365.2100,
"002",200700,"01","01  ",2007-09-10 00:00:00,"0910003",2007-09-20 00:00:00,V,"5949","001 ","SERVICOS A SEREM PRESTADO NA ELABORACAO DE GFIPS REFERENTE A COM.             13/1998,13/1999 E 13/2000.", ,UM,1.0000,369.210000,369.2100,
"002",200700,"01","01  ",2007-09-13 00:00:00,"0913001",2007-09-13 00:00:00,V,"46960120","001 ",FORNECIMENTO DE AGUA AO PODER LEGISLATIVO DESTE MUNICIPIO.NA COMPLEMENTACAO DANE.0102004., ,UM,1.0000,17.000000,17.0000,
"002",200700,"01","01  ",2007-09-13 00:00:00,"0913001",2007-10-10 00:00:00,V,"46960120","001 ",FORNECIMENTO DE AGUA AO PODER LEGISLATIVO DESTE MUNICIPIO.NA COMPLEMENTACAO DANE.0102004., ,UM,1.0000,31.070000,31.0700,
"002",200700,"01","01  ",2007-09-13 00:00:00,"0913001",2007-11-05 00:00:00,V,"4693012","001 ",FORNECIMENTO DE AGUA AO PODER LEGISLATIVO DESTE MUNICIPIO.NA COMPLEMENTACAO DANE.0102004., ,UM,1.0000,30.450000,30.4500,
"002",200700,"01","01  ",2007-09-13 00:00:00,"0913001",2007-12-10 00:00:00,V,"46960120","001 ",FORNECIMENTO DE AGUA AO PODER LEGISLATIVO DESTE MUNICIPIO.NA COMPLEMENTACAO DANE.0102004., ,UM,1.0000,30.450000,30.4500,
"002",200700,"01","01  ",2007-10-05 00:00:00,"1005001",2007-10-30 00:00:00,V,"6186","001 ",SERVICOS A SEREM PRESTADOS NA MANUTENCAO COMPUTADORES E IMPRESSORAS DO        LEGISLATIVO MUNICIPAL., ,UM,1.0000,300.000000,300.0000,
"002",200700,"01","01  ",2007-10-05 00:00:00,"1005002",2007-10-30 00:00:00,V,"6187","001 ",SERVICOS A SEREM PRESTADOS NO FORNECIMENTO DE LANCHES AO VEREADORES POR       OCASIAO DAS SECOES ORDENARIAS E EXTRAORDINARIAS DESTA CASA LEGISLATIVA., ,UM,1.0000,300.000000,300.0000,
"002",200700,"01","01  ",2007-10-05 00:00:00,"1005003",2007-10-30 00:00:00,V,"5987","001 ","SERVICOS A SEREM PRESTADO NA DIGITALIZACAO DO ACERVO CONTABIL, LICITACAO E    RECURSOS HUMANOS DESTE LEGISLATIVO MUNICIPAL.", ,UM,1.0000,1800.000000,1800.0000,
"002",200700,"01","01  ",2007-10-05 00:00:00,"1005004",2007-10-22 00:00:00,V,"5988","001 ",SERVICOS A SEREM PRESTADO DE CAPACITACAO E LANCAMENTO DE DADOS(GIFP E FOLHA DEPAGAMENTO) EM SISTEMAS INFORMATIZADO DESTA CASA LEGISLATIVA., ,UM,1.0000,1000.000000,1000.0000,
"002",200700,"01","01  ",2007-10-05 00:00:00,"1005004",2007-11-30 00:00:00,V,"6198","001 ",SERVICOS A SEREM PRESTADO DE CAPACITACAO E LANCAMENTO DE DADOS(GIFP E FOLHA DEPAGAMENTO) EM SISTEMAS INFORMATIZADO DESTA CASA LEGISLATIVA., ,UM,1.0000,1000.000000,1000.0000,
"002",200700,"01","01  ",2007-11-05 00:00:00,"1105001",2007-11-20 00:00:00,V,"6195","001 ",SERVICOS A SEREM PRESTADOS NA MANUTENCAO DOS EQUIPAMENTOS DE INFORMATICA      PERTENCENTE A ESTE PORDER LEGISLATIVO., ,UM,1.0000,300.000000,300.0000,
"002",200700,"01","01  ",2007-11-05 00:00:00,"1105002",2007-11-20 00:00:00,V,"6196","001 ",SERVICOS A SEREM PRESTADO NO FORNECIMENTO DE LANCHES AOS VEREADORES POR       OCASIAO DAS SESSOES ORDINARIA E EXTRAORDINARIA., ,UM,1.0000,300.000000,300.0000,
"002",200700,"01","01  ",2007-11-05 00:00:00,"1105003",2007-11-30 00:00:00,V,"6197","001 ",SERVICOS A SEREM PRESTADOS NA ALIMENTACAO DE DADOS DO SISTN DO 1 SEMESTRE DE  2007., ,UM,1.0000,1712.160000,1712.1600,
"002",200700,"01","01  ",2007-11-06 00:00:00,"1106001",2007-11-20 00:00:00,M,"2822","001 ",AQUISICAO DE MATERIAL DE EXPEDIENTE, ,UM,1.0000,125.000000,125.0000,
"002",200700,"01","01  ",2007-12-03 00:00:00,"1203001",2007-12-20 00:00:00,V,"163","001 ",SERVIOS A SEREM PRESTADOS NA ELABORACAO E ACOMPANHAMENTO DOS ATOS DO          LEGISLATICO., ,UM,1.0000,2000.000000,2000.0000,
"002",200700,"01","01  ",2007-12-03 00:00:00,"1203002",2007-12-26 00:00:00,V,"6393","001 ",SERVICOS A SEREM PRESTADO NA MANUTENCAO DE COMPUTADORES  E IMPRESSORAS DESTE  LEGISLATIVO MUNICIPAL., ,UM,1.0000,300.000000,300.0000,
"002",200800,"01","01  ",2008-01-02 00:00:00,"0102004",2008-01-21 00:00:00,V,"469012","001 ",FORNECIMENTO DE AGUA AO PODER LEGISLATIVO DESTE MUNICIPIO., ,UM,1.0000,30.450000,30.4500,
"002",200800,"01","01  ",2008-01-02 00:00:00,"0102004",2008-02-22 00:00:00,V,"469012","001 ",FORNECIMENTO DE AGUA AO PODER LEGISLATIVO DESTE MUNICIPIO., ,UM,1.0000,30.450000,30.4500,
"002",200800,"01","01  ",2008-01-02 00:00:00,"0102004",2008-03-20 00:00:00,V,"4696012","001 ",FORNECIMENTO DE AGUA AO PODER LEGISLATIVO DESTE MUNICIPIO., ,UM,1.0000,31.080000,31.0800,
"002",200800,"01","01  ",2008-01-02 00:00:00,"0102004",2008-04-18 00:00:00,V,"4696012","001 ",FORNECIMENTO DE AGUA AO PODER LEGISLATIVO DESTE MUNICIPIO., ,UM,1.0000,30.450000,30.4500,
"002",200800,"01","01  ",2008-01-02 00:00:00,"0102004",2008-05-20 00:00:00,V,"4696012","001 ",FORNECIMENTO DE AGUA AO PODER LEGISLATIVO DESTE MUNICIPIO., ,UM,1.0000,30.450000,30.4500,
"002",200800,"01","01  ",2008-01-02 00:00:00,"0102004",2008-06-20 00:00:00,V,"4690120","001 ",FORNECIMENTO DE AGUA AO PODER LEGISLATIVO DESTE MUNICIPIO., ,UM,1.0000,30.450000,30.4500,
"002",200800,"01","01  ",2008-01-02 00:00:00,"0102004",2008-07-22 00:00:00,V,"46960120","001 ",FORNECIMENTO DE AGUA AO PODER LEGISLATIVO DESTE MUNICIPIO., ,UM,1.0000,30.450000,30.4500,
"002",200800,"01","01  ",2008-01-02 00:00:00,"0102004",2008-08-20 00:00:00,V,"4690120","001 ",FORNECIMENTO DE AGUA AO PODER LEGISLATIVO DESTE MUNICIPIO., ,UM,1.0000,31.780000,31.7800,
"002",200800,"01","01  ",2008-01-02 00:00:00,"0102004",2008-09-19 00:00:00,V,"4690120","001 ",FORNECIMENTO DE AGUA AO PODER LEGISLATIVO DESTE MUNICIPIO., ,UM,1.0000,32.550000,32.5500,
"002",200800,"01","01  ",2008-01-02 00:00:00,"0102004",2008-10-20 00:00:00,V,"46960120","001 ",FORNECIMENTO DE AGUA AO PODER LEGISLATIVO DESTE MUNICIPIO., ,UM,1.0000,32.550000,32.5500,
"002",200800,"01","01  ",2008-01-02 00:00:00,"0102004",2008-11-20 00:00:00,V,"46960120","001 ",FORNECIMENTO DE AGUA AO PODER LEGISLATIVO DESTE MUNICIPIO., ,UM,1.0000,32.550000,32.5500,
"002",200800,"01","01  ",2008-01-02 00:00:00,"0102004",2008-12-18 00:00:00,V,"46960120","001 ",FORNECIMENTO DE AGUA AO PODER LEGISLATIVO DESTE MUNICIPIO., ,UM,1.0000,6.790000,6.7900,
"002",200800,"01","01  ",2008-01-02 00:00:00,"0102005",2008-01-21 00:00:00,V,"10368227","001 ",FORNECIMENTO DE ENERGIA ELETRICA A ESTACASA LEGISLATIVA., ,UM,1.0000,48.370000,48.3700,
"002",200800,"01","01  ",2008-01-02 00:00:00,"0102005",2008-02-20 00:00:00,V,"10637187","001 ",FORNECIMENTO DE ENERGIA ELETRICA A ESTACASA LEGISLATIVA., ,UM,1.0000,48.500000,48.5000,
"002",200800,"01","01  ",2008-01-02 00:00:00,"0102005",2008-03-20 00:00:00,V,"10907326","001 ",FORNECIMENTO DE ENERGIA ELETRICA A ESTACASA LEGISLATIVA., ,UM,1.0000,48.360000,48.3600,
"002",200800,"01","01  ",2008-01-02 00:00:00,"0102005",2008-04-18 00:00:00,V,"11178450","001 ",FORNECIMENTO DE ENERGIA ELETRICA A ESTACASA LEGISLATIVA., ,UM,1.0000,48.730000,48.7300,
"002",200800,"01","01  ",2008-01-02 00:00:00,"0102005",2008-05-20 00:00:00,V,"11451271","001 ",FORNECIMENTO DE ENERGIA ELETRICA A ESTACASA LEGISLATIVA., ,UM,1.0000,48.370000,48.3700,
"002",200800,"01","01  ",2008-01-02 00:00:00,"0102005",2008-06-20 00:00:00,V,"11725424","001 ",FORNECIMENTO DE ENERGIA ELETRICA A ESTACASA LEGISLATIVA., ,UM,1.0000,51.660000,51.6600,
"002",200800,"01","01  ",2008-01-02 00:00:00,"0102005",2008-07-14 00:00:00,V,"12000647","001 ",FORNECIMENTO DE ENERGIA ELETRICA A ESTACASA LEGISLATIVA., ,UM,1.0000,51.750000,51.7500,
"002",200800,"01","01  ",2008-01-02 00:00:00,"0102005",2008-08-20 00:00:00,V,"12768120","001 ",FORNECIMENTO DE ENERGIA ELETRICA A ESTACASA LEGISLATIVA., ,UM,1.0000,50.910000,50.9100,
"002",200800,"01","01  ",2008-01-02 00:00:00,"0102005",2008-09-19 00:00:00,V,"12549128","001 ",FORNECIMENTO DE ENERGIA ELETRICA A ESTACASA LEGISLATIVA., ,UM,1.0000,50.820000,50.8200,
"002",200800,"01","01  ",2008-01-02 00:00:00,"0102005",2008-10-20 00:00:00,V,"12832717","001 ",FORNECIMENTO DE ENERGIA ELETRICA A ESTACASA LEGISLATIVA., ,UM,1.0000,51.280000,51.2800,
"002",200800,"01","01  ",2008-01-02 00:00:00,"0102005",2008-11-20 00:00:00,V,"13125133","001 ",FORNECIMENTO DE ENERGIA ELETRICA A ESTACASA LEGISLATIVA., ,UM,1.0000,56.760000,56.7600,
"002",200800,"01","01  ",2008-01-02 00:00:00,"0102005",2008-12-17 00:00:00,V,"13417463","001 ",FORNECIMENTO DE ENERGIA ELETRICA A ESTACASA LEGISLATIVA., ,UM,1.0000,86.630000,86.6300,
"002",200800,"01","01  ",2008-01-02 00:00:00,"0102007",2008-01-28 00:00:00,S,"003079","001 ","SERVICO DE LOCACAO DE SISTEMA DE CONTABILIDADE,FOLHA DE PAGAMENTO, LICITACAO, ALMOXARIFADO E PATRIMONIO.", ,UM,1.0000,660.000000,660.0000,
"002",200800,"01","01  ",2008-01-02 00:00:00,"0102007",2008-02-22 00:00:00,S,"3117","001 ","SERVICO DE LOCACAO DE SISTEMA DE CONTABILIDADE,FOLHA DE PAGAMENTO, LICITACAO, ALMOXARIFADO E PATRIMONIO.", ,UM,1.0000,660.000000,660.0000,
"002",200800,"01","01  ",2008-01-02 00:00:00,"0102007",2008-03-20 00:00:00,V,"3159","001 ","SERVICO DE LOCACAO DE SISTEMA DE CONTABILIDADE,FOLHA DE PAGAMENTO, LICITACAO, ALMOXARIFADO E PATRIMONIO.", ,UM,1.0000,660.000000,660.0000,
"002",200800,"01","01  ",2008-01-02 00:00:00,"0102007",2008-04-23 00:00:00,S,"003201","001 ","SERVICO DE LOCACAO DE SISTEMA DE CONTABILIDADE,FOLHA DE PAGAMENTO, LICITACAO, ALMOXARIFADO E PATRIMONIO.", ,UM,1.0000,660.000000,660.0000,
"002",200800,"01","01  ",2008-01-02 00:00:00,"0102007",2008-05-26 00:00:00,S,"003251","001 ","SERVICO DE LOCACAO DE SISTEMA DE CONTABILIDADE,FOLHA DE PAGAMENTO, LICITACAO, ALMOXARIFADO E PATRIMONIO.", ,UM,1.0000,660.000000,660.0000,
"002",200800,"01","01  ",2008-01-02 00:00:00,"0102007",2008-06-20 00:00:00,S,"003294","001 ","SERVICO DE LOCACAO DE SISTEMA DE CONTABILIDADE,FOLHA DE PAGAMENTO, LICITACAO, ALMOXARIFADO E PATRIMONIO.", ,UM,1.0000,660.000000,660.0000,
"002",200800,"01","01  ",2008-01-02 00:00:00,"0102007",2008-07-30 00:00:00,S,"3335","001 ","SERVICO DE LOCACAO DE SISTEMA DE CONTABILIDADE,FOLHA DE PAGAMENTO, LICITACAO, ALMOXARIFADO E PATRIMONIO.", ,UM,1.0000,660.000000,660.0000,
"002",200800,"01","01  ",2008-01-02 00:00:00,"0102007",2008-08-25 00:00:00,S,"3373","001 ","SERVICO DE LOCACAO DE SISTEMA DE CONTABILIDADE,FOLHA DE PAGAMENTO, LICITACAO, ALMOXARIFADO E PATRIMONIO.", ,UM,1.0000,660.000000,660.0000,
"002",200800,"01","01  ",2008-01-02 00:00:00,"0102007",2008-09-22 00:00:00,S,"3416","001 ","SERVICO DE LOCACAO DE SISTEMA DE CONTABILIDADE,FOLHA DE PAGAMENTO, LICITACAO, ALMOXARIFADO E PATRIMONIO.", ,UM,1.0000,660.000000,660.0000,
"002",200800,"01","01  ",2008-01-02 00:00:00,"0102007",2008-10-20 00:00:00,S,"003456","001 ","SERVICO DE LOCACAO DE SISTEMA DE CONTABILIDADE,FOLHA DE PAGAMENTO, LICITACAO, ALMOXARIFADO E PATRIMONIO.", ,UM,1.0000,660.000000,660.0000,
"002",200800,"01","01  ",2008-01-02 00:00:00,"0102007",2008-11-25 00:00:00,V,"3496","001 ","SERVICO DE LOCACAO DE SISTEMA DE CONTABILIDADE,FOLHA DE PAGAMENTO, LICITACAO, ALMOXARIFADO E PATRIMONIO.", ,UM,1.0000,660.000000,660.0000,
"002",200800,"01","01  ",2008-01-02 00:00:00,"0102007",2008-12-19 00:00:00,S,"003541","001 ","SERVICO DE LOCACAO DE SISTEMA DE CONTABILIDADE,FOLHA DE PAGAMENTO, LICITACAO, ALMOXARIFADO E PATRIMONIO.", ,UM,1.0000,660.000000,660.0000,
"002",200800,"01","01  ",2008-01-02 00:00:00,"0102008",2008-01-31 00:00:00,V,"21","001 ",POSTAGEM DE DOCUMENTOS PERTENCENTE A ESTA CASA LEGISLATIVA., ,UM,1.0000,12.500000,12.5000,
"002",200800,"01","01  ",2008-01-02 00:00:00,"0102008",2008-03-24 00:00:00,V,"7837660","001 ",POSTAGEM DE DOCUMENTOS PERTENCENTE A ESTA CASA LEGISLATIVA., ,UM,1.0000,14.200000,14.2000,
"002",200800,"01","01  ",2008-01-02 00:00:00,"0102008",2008-04-25 00:00:00,V,"8152496","001 ",POSTAGEM DE DOCUMENTOS PERTENCENTE A ESTA CASA LEGISLATIVA., ,UM,1.0000,13.300000,13.3000,
"002",200800,"01","01  ",2008-01-02 00:00:00,"0102008",2008-10-20 00:00:00,V,"9873871","001 ",POSTAGEM DE DOCUMENTOS PERTENCENTE A ESTA CASA LEGISLATIVA., ,UM,1.0000,13.300000,13.3000,
"002",200800,"01","01  ",2008-01-02 00:00:00,"0102008",2008-10-31 00:00:00,V,"1000214","001 ",POSTAGEM DE DOCUMENTOS PERTENCENTE A ESTA CASA LEGISLATIVA., ,UM,1.0000,13.300000,13.3000,
"002",200800,"01","01  ",2008-01-02 00:00:00,"0102009",2008-01-31 00:00:00,V,"6508","001 ",SERVICOS A SEREM PRESTADO NA DIGITALIZACAO DE DOCUMENTOS CONTABEIS E          ADMINISTRATIVO  DO LEGISTATIVO MUNICIPAL., ,UM,1.0000,770.890000,770.8900,
"002",200800,"01","01  ",2008-01-07 00:00:00,"0107001",2008-01-31 00:00:00,V,"6504","001 ",LOCACAO DE SERVICOS DE MOTOTAXISTA DESTINADO AO LEGISLATIVO., ,UM,1.0000,600.000000,600.0000,
"002",200800,"01","01  ",2008-01-07 00:00:00,"0107001",2008-02-20 00:00:00,V,"6512","001 ",LOCACAO DE SERVICOS DE MOTOTAXISTA DESTINADO AO LEGISLATIVO., ,UM,1.0000,600.000000,600.0000,
"002",200800,"01","01  ",2008-01-07 00:00:00,"0107001",2008-03-20 00:00:00,V,"6521","001 ",LOCACAO DE SERVICOS DE MOTOTAXISTA DESTINADO AO LEGISLATIVO., ,UM,1.0000,600.000000,600.0000,
"002",200800,"01","01  ",2008-01-07 00:00:00,"0107001",2008-04-18 00:00:00,V,"6730","001 ",LOCACAO DE SERVICOS DE MOTOTAXISTA DESTINADO AO LEGISLATIVO., ,UM,1.0000,600.000000,600.0000,
"002",200800,"01","01  ",2008-01-07 00:00:00,"0107001",2008-05-20 00:00:00,V,"6737","001 ",LOCACAO DE SERVICOS DE MOTOTAXISTA DESTINADO AO LEGISLATIVO., ,UM,1.0000,600.000000,600.0000,
"002",200800,"01","01  ",2008-01-07 00:00:00,"0107001",2008-06-20 00:00:00,V,"6744","001 ",LOCACAO DE SERVICOS DE MOTOTAXISTA DESTINADO AO LEGISLATIVO., ,UM,1.0000,600.000000,600.0000,
"002",200800,"01","01  ",2008-01-07 00:00:00,"0107001",2008-07-18 00:00:00,V,"7016","001 ",LOCACAO DE SERVICOS DE MOTOTAXISTA DESTINADO AO LEGISLATIVO., ,UM,1.0000,600.000000,600.0000,
"002",200800,"01","01  ",2008-01-07 00:00:00,"0107001",2008-08-20 00:00:00,V,"7052","001 ",LOCACAO DE SERVICOS DE MOTOTAXISTA DESTINADO AO LEGISLATIVO., ,UM,1.0000,600.000000,600.0000,
"002",200800,"01","01  ",2008-01-07 00:00:00,"0107001",2008-09-19 00:00:00,V,"7063","001 ",LOCACAO DE SERVICOS DE MOTOTAXISTA DESTINADO AO LEGISLATIVO., ,UM,1.0000,600.000000,600.0000,
"002",200800,"01","01  ",2008-01-07 00:00:00,"0107001",2008-10-20 00:00:00,V,"7070","001 ",LOCACAO DE SERVICOS DE MOTOTAXISTA DESTINADO AO LEGISLATIVO., ,UM,1.0000,600.000000,600.0000,
"002",200800,"01","01  ",2008-01-07 00:00:00,"0107001",2008-11-20 00:00:00,V,"7453","001 ",LOCACAO DE SERVICOS DE MOTOTAXISTA DESTINADO AO LEGISLATIVO., ,UM,1.0000,600.000000,600.0000,
"002",200800,"01","01  ",2008-01-07 00:00:00,"0107001",2008-12-19 00:00:00,V,"7461","001 ",LOCACAO DE SERVICOS DE MOTOTAXISTA DESTINADO AO LEGISLATIVO., ,UM,1.0000,600.000000,600.0000,
"002",200800,"01","01  ",2008-01-07 00:00:00,"0107002",2008-01-28 00:00:00,V,"6505","001 ",SERVICOS A SEREM PRESTADOS NA MANUTENCAO DOS EQUIPAMENTOS DE INFORMATICA DESTACASA LEGISLATIVA., ,UM,1.0000,500.000000,500.0000,
"002",200800,"01","01  ",2008-01-10 00:00:00,"0110001",2008-01-31 00:00:00,V,"6507","001 ",SERVICOS A SEREM PRESTADO NA ELABORACAO E ALIMENTCAO DAS INFORMACOES DA RAIS ECORRECAO DE DADOS INFORMADOS EM GFIP., ,UM,1.0000,2000.000000,2000.0000,
"002",200800,"01","01  ",2008-01-14 00:00:00,"0114001",2008-01-31 00:00:00,V,"6502","001 ","SERVICOS DE ASSESSORIA, CONSULTORIA E PROCESSAMENTO CONTABIL, CONF. LICITACAO E CONTRATO.", ,UM,1.0000,2700.000000,2700.0000,
"002",200800,"01","01  ",2008-01-14 00:00:00,"0114001",2008-02-20 00:00:00,V,"6510","001 ","SERVICOS DE ASSESSORIA, CONSULTORIA E PROCESSAMENTO CONTABIL, CONF. LICITACAO E CONTRATO.", ,UM,1.0000,2700.000000,2700.0000,
"002",200800,"01","01  ",2008-01-14 00:00:00,"0114001",2008-03-20 00:00:00,V,"6519","001 ","SERVICOS DE ASSESSORIA, CONSULTORIA E PROCESSAMENTO CONTABIL, CONF. LICITACAO E CONTRATO.", ,UM,1.0000,2700.000000,2700.0000,
"002",200800,"01","01  ",2008-01-14 00:00:00,"0114001",2008-04-18 00:00:00,V,"6729","001 ","SERVICOS DE ASSESSORIA, CONSULTORIA E PROCESSAMENTO CONTABIL, CONF. LICITACAO E CONTRATO.", ,UM,1.0000,2700.000000,2700.0000,
"002",200800,"01","01  ",2008-01-14 00:00:00,"0114001",2008-05-20 00:00:00,V,"6735","001 ","SERVICOS DE ASSESSORIA, CONSULTORIA E PROCESSAMENTO CONTABIL, CONF. LICITACAO E CONTRATO.", ,UM,1.0000,2700.000000,2700.0000,
"002",200800,"01","01  ",2008-01-14 00:00:00,"0114001",2008-06-20 00:00:00,V,"6742","001 ","SERVICOS DE ASSESSORIA, CONSULTORIA E PROCESSAMENTO CONTABIL, CONF. LICITACAO E CONTRATO.", ,UM,1.0000,2700.000000,2700.0000,
"002",200800,"01","01  ",2008-01-14 00:00:00,"0114002",2008-01-31 00:00:00,V,"6506","001 ",ASSESSORIA JURIDICA AO LEGISLATIVO MUNICIPAL., ,UM,1.0000,2700.000000,2700.0000,
"002",200800,"01","01  ",2008-01-14 00:00:00,"0114002",2008-02-20 00:00:00,V,"6515","001 ",ASSESSORIA JURIDICA AO LEGISLATIVO MUNICIPAL., ,UM,1.0000,2700.000000,2700.0000,
"002",200800,"01","01  ",2008-01-14 00:00:00,"0114002",2008-03-20 00:00:00,V,"6524","001 ",ASSESSORIA JURIDICA AO LEGISLATIVO MUNICIPAL., ,UM,1.0000,2700.000000,2700.0000,
"002",200800,"01","01  ",2008-01-14 00:00:00,"0114002",2008-04-18 00:00:00,V,"6732","001 ",ASSESSORIA JURIDICA AO LEGISLATIVO MUNICIPAL., ,UM,1.0000,2700.000000,2700.0000,
"002",200800,"01","01  ",2008-01-14 00:00:00,"0114002",2008-05-20 00:00:00,V,"6740","001 ",ASSESSORIA JURIDICA AO LEGISLATIVO MUNICIPAL., ,UM,1.0000,2700.000000,2700.0000,
"002",200800,"01","01  ",2008-01-14 00:00:00,"0114002",2008-06-20 00:00:00,V,"6746","001 ",ASSESSORIA JURIDICA AO LEGISLATIVO MUNICIPAL., ,UM,1.0000,2700.000000,2700.0000,
"002",200800,"01","01  ",2008-01-14 00:00:00,"0114003",2008-01-31 00:00:00,V,"6501","001 ",LOCACAO DE VEICULO CONF. CONTRATO E LICITACAO., ,UM,1.0000,3000.000000,3000.0000,
"002",200800,"01","01  ",2008-01-14 00:00:00,"0114003",2008-02-20 00:00:00,V,"6509","001 ",LOCACAO DE VEICULO CONF. CONTRATO E LICITACAO., ,UM,1.0000,3000.000000,3000.0000,
"002",200800,"01","01  ",2008-01-14 00:00:00,"0114003",2008-03-20 00:00:00,V,"6518","001 ",LOCACAO DE VEICULO CONF. CONTRATO E LICITACAO., ,UM,1.0000,3000.000000,3000.0000,
"002",200800,"01","01  ",2008-01-14 00:00:00,"0114003",2008-04-18 00:00:00,V,"6728","001 ",LOCACAO DE VEICULO CONF. CONTRATO E LICITACAO., ,UM,1.0000,3000.000000,3000.0000,
"002",200800,"01","01  ",2008-01-14 00:00:00,"0114003",2008-05-20 00:00:00,V,"6734","001 ",LOCACAO DE VEICULO CONF. CONTRATO E LICITACAO., ,UM,1.0000,3000.000000,3000.0000,
"002",200800,"01","01  ",2008-01-14 00:00:00,"0114003",2008-06-20 00:00:00,V,"6741","001 ",LOCACAO DE VEICULO CONF. CONTRATO E LICITACAO., ,UM,1.0000,3000.000000,3000.0000,
"002",200800,"01","01  ",2008-01-14 00:00:00,"0114004",2008-01-31 00:00:00,V,"0204","001 ",SERVICOS DE ASSESSORIA TECNICA NA ELABORACAO E ACOMPANHAMENTOS DOS ATOS DO    LEGISLATIVO CONF. CONTRATO E LICITACAO., ,UM,1.0000,2500.000000,2500.0000,
"002",200800,"01","01  ",2008-01-14 00:00:00,"0114004",2008-02-22 00:00:00,S,"0226","001 ",SERVICOS DE ASSESSORIA TECNICA NA ELABORACAO E ACOMPANHAMENTOS DOS ATOS DO    LEGISLATIVO CONF. CONTRATO E LICITACAO., ,UM,1.0000,2500.000000,2500.0000,
"002",200800,"01","01  ",2008-01-14 00:00:00,"0114004",2008-03-24 00:00:00,S,"0232","001 ",SERVICOS DE ASSESSORIA TECNICA NA ELABORACAO E ACOMPANHAMENTOS DOS ATOS DO    LEGISLATIVO CONF. CONTRATO E LICITACAO., ,UM,1.0000,2500.000000,2500.0000,
"002",200800,"01","01  ",2008-01-14 00:00:00,"0114004",2008-04-23 00:00:00,V,"0241","001 ",SERVICOS DE ASSESSORIA TECNICA NA ELABORACAO E ACOMPANHAMENTOS DOS ATOS DO    LEGISLATIVO CONF. CONTRATO E LICITACAO., ,UM,1.0000,2500.000000,2500.0000,
"002",200800,"01","01  ",2008-01-14 00:00:00,"0114004",2008-05-20 00:00:00,S,"0244","001 ",SERVICOS DE ASSESSORIA TECNICA NA ELABORACAO E ACOMPANHAMENTOS DOS ATOS DO    LEGISLATIVO CONF. CONTRATO E LICITACAO., ,UM,1.0000,2500.000000,2500.0000,
"002",200800,"01","01  ",2008-01-14 00:00:00,"0114004",2008-06-20 00:00:00,S,"0252","001 ",SERVICOS DE ASSESSORIA TECNICA NA ELABORACAO E ACOMPANHAMENTOS DOS ATOS DO    LEGISLATIVO CONF. CONTRATO E LICITACAO., ,UM,1.0000,2500.000000,2500.0000,
"002",200800,"01","01  ",2008-01-14 00:00:00,"0114004",2008-07-18 00:00:00,S,"0257","001 ",SERVICOS DE ASSESSORIA TECNICA NA ELABORACAO E ACOMPANHAMENTOS DOS ATOS DO    LEGISLATIVO CONF. CONTRATO E LICITACAO., ,UM,1.0000,2500.000000,2500.0000,
"002",200800,"01","01  ",2008-01-14 00:00:00,"0114004",2008-08-20 00:00:00,S,"0264","001 ",SERVICOS DE ASSESSORIA TECNICA NA ELABORACAO E ACOMPANHAMENTOS DOS ATOS DO    LEGISLATIVO CONF. CONTRATO E LICITACAO., ,UM,1.0000,2500.000000,2500.0000,
"002",200800,"01","01  ",2008-01-14 00:00:00,"0114004",2008-09-19 00:00:00,S,"0269","001 ",SERVICOS DE ASSESSORIA TECNICA NA ELABORACAO E ACOMPANHAMENTOS DOS ATOS DO    LEGISLATIVO CONF. CONTRATO E LICITACAO., ,UM,1.0000,2500.000000,2500.0000,
"002",200800,"01","01  ",2008-01-14 00:00:00,"0114004",2008-10-20 00:00:00,S,"0276","001 ",SERVICOS DE ASSESSORIA TECNICA NA ELABORACAO E ACOMPANHAMENTOS DOS ATOS DO    LEGISLATIVO CONF. CONTRATO E LICITACAO., ,UM,1.0000,2500.000000,2500.0000,
"002",200800,"01","01  ",2008-01-14 00:00:00,"0114004",2008-11-20 00:00:00,S,"295","001 ",SERVICOS DE ASSESSORIA TECNICA NA ELABORACAO E ACOMPANHAMENTOS DOS ATOS DO    LEGISLATIVO CONF. CONTRATO E LICITACAO., ,UM,1.0000,2500.000000,2500.0000,
"002",200800,"01","01  ",2008-01-14 00:00:00,"0114004",2008-12-23 00:00:00,S,"0311","001 ",SERVICOS DE ASSESSORIA TECNICA NA ELABORACAO E ACOMPANHAMENTOS DOS ATOS DO    LEGISLATIVO CONF. CONTRATO E LICITACAO., ,UM,1.0000,2500.000000,2500.0000,
"002",200800,"01","01  ",2008-01-14 00:00:00,"0114005",2008-01-31 00:00:00,V,"6503","001 ",SERVICOS DE ASSESSORIA DE IMPRESSA CONF. LICITACAO E CONTRATO., ,UM,1.0000,1300.000000,1300.0000,
"002",200800,"01","01  ",2008-01-14 00:00:00,"0114005",2008-02-20 00:00:00,V,"6511","001 ",SERVICOS DE ASSESSORIA DE IMPRESSA CONF. LICITACAO E CONTRATO., ,UM,1.0000,1300.000000,1300.0000,
"002",200800,"01","01  ",2008-01-14 00:00:00,"0114005",2008-03-20 00:00:00,V,"6520","001 ",SERVICOS DE ASSESSORIA DE IMPRESSA CONF. LICITACAO E CONTRATO., ,UM,1.0000,1300.000000,1300.0000,
"002",200800,"01","01  ",2008-01-14 00:00:00,"0114005",2008-04-18 00:00:00,V,"6727","001 ",SERVICOS DE ASSESSORIA DE IMPRESSA CONF. LICITACAO E CONTRATO., ,UM,1.0000,1300.000000,1300.0000,
"002",200800,"01","01  ",2008-01-14 00:00:00,"0114005",2008-05-20 00:00:00,V,"6736","001 ",SERVICOS DE ASSESSORIA DE IMPRESSA CONF. LICITACAO E CONTRATO., ,UM,1.0000,1300.000000,1300.0000,
"002",200800,"01","01  ",2008-01-14 00:00:00,"0114005",2008-06-20 00:00:00,V,"6743","001 ",SERVICOS DE ASSESSORIA DE IMPRESSA CONF. LICITACAO E CONTRATO., ,UM,1.0000,1300.000000,1300.0000,
"002",200800,"01","01  ",2008-02-01 00:00:00,"0201001",2008-02-27 00:00:00,V,"6517","001 ",SERVICOS A SEREM PRESTADOS NA ELABORACAO DA DIRF 2008 DO PODER LEGISLATIVO    MUNICIPAL, ,UM,1.0000,2000.000000,2000.0000,
"002",200800,"01","01  ",2008-02-01 00:00:00,"0201002",2008-02-20 00:00:00,V,"6516","001 ",SERVICOS A SEREM PRESTADOS NO INVENTARIO PATRIMONIAL DO LEGISLATIVO MUNICIPAL., ,UM,1.0000,1650.000000,1650.0000,
"002",200800,"01","01  ",2008-02-04 00:00:00,"0204001",2008-02-20 00:00:00,V,"6514","001 ",SERVICOS A SEREM PRESTADOS NO FORNECIMENTO DE LANCHES EM SESSOES ORDINARIAS E EXTRAORDINAS DO LEGISLATIVO MUNICIPAL, ,UM,1.0000,400.000000,400.0000,
"002",200800,"01","01  ",2008-02-04 00:00:00,"0204002",2008-02-20 00:00:00,V,"6513","001 ",SERVICOS A SEREM PRESTADO NA MANUTENCAODOS EQUIPAMENTOS DE INFORMATICA DO     LEGISLATIVO MUNICIPAL., ,UM,1.0000,500.000000,500.0000,
"002",200800,"01","01  ",2008-03-03 00:00:00,"0303001",2008-03-20 00:00:00,V,"6523","001 ",SERVICOS A SEREM PRESTADOS NO FORNECIMENTO DE LANCHES EM SESSOES ORDINARIAS E EXTRAORDINAS DO LEGISLATIVO MUNICIPAL, ,UM,1.0000,400.000000,400.0000,
"002",200800,"01","01  ",2008-03-03 00:00:00,"0303002",2008-03-20 00:00:00,V,"6522","001 ",SERVICOS A SEREM PRESTADO NA MANUTENCAODOS EQUIPAMENTOS DE INFORMATICA DO     LEGISLATIVO MUNICIPAL., ,UM,1.0000,500.000000,500.0000,
"002",200800,"01","01  ",2008-03-03 00:00:00,"0303003",2008-03-25 00:00:00,V,"124","001 ","SERVICOS A SEREM PRESTADOS DE ASSESSORIA TECNICA PREVIDENCIARIA EM ASSUNTOS   RELATIVO A DEFESA ADMINISTRATIVA, REFERRNTE A INSCRICAO  DE LANCAMENTO DE     DEBITOS DE INSS APURADO PELA AUDITORIA DA RE", ,UM,1.0000,3000.000000,3000.0000,
"002",200800,"01","01  ",2008-04-02 00:00:00,"0402001",2008-04-18 00:00:00,V,"6731","001 ",SERVICOS A SEREM PRESTADO NA MANUTENCAODOS EQUIPAMENTOS DE INFORMATICA DO     LEGISLATIVO MUNICIPAL., ,UM,1.0000,500.000000,500.0000,
"002",200800,"01","01  ",2008-04-02 00:00:00,"0402002",2008-04-23 00:00:00,V,"6733","001 ",SERVICOS A SEREM PRESTADOS NA ELABORA E ALIMENTACAO DO SISTEN - SISTEMAS DE   INFORMACOES DO TESOURO NACIONAL DO LEGISLATIVO MUNICIPAL., ,UM,1.0000,1260.000000,1260.0000,
"002",200800,"01","01  ",2008-04-03 00:00:00,"0403001",2008-04-18 00:00:00,V,"6726","001 ",SERVICOS A SEREM PRESTADOS NO FORNECIMENTO DE LANCHES EM SESSOES ORDINARIAS E EXTRAORDINAS DO LEGISLATIVO MUNICIPAL, ,UM,1.0000,400.000000,400.0000,
"002",200800,"01","01  ",2008-05-02 00:00:00,"0502001",2008-05-20 00:00:00,V,"6739","001 ",SERVICOS A SEREM PRESTADOS NO FORNECIMENTO DE LANCHES EM SESSOES ORDINARIAS E EXTRAORDINAS DO LEGISLATIVO MUNICIPAL, ,UM,1.0000,400.000000,400.0000,
"002",200800,"01","01  ",2008-05-02 00:00:00,"0502002",2008-05-20 00:00:00,V,"6738","001 ",SERVICOS A SEREM PRESTADO NA MANUTENCAODOS EQUIPAMENTOS DE INFORMATICA DO     LEGISLATIVO MUNICIPAL., ,UM,1.0000,500.000000,500.0000,
"002",200800,"01","01  ",2008-05-14 00:00:00,"0514001",2008-06-20 00:00:00,V,"127","001 ",SERVICOS A SEREM PRESTADOS EM ASSUNTOS PREVIDENCIARIO CONF.CONTATO E          LICISTACAO., ,UM,1.0000,2000.000000,2000.0000,
"002",200800,"01","01  ",2008-05-14 00:00:00,"0514001",2008-09-19 00:00:00,S,"140","001 ",SERVICOS A SEREM PRESTADOS EM ASSUNTOS PREVIDENCIARIO CONF.CONTATO E          LICISTACAO., ,UM,1.0000,2000.000000,2000.0000,
"002",200800,"01","01  ",2008-05-14 00:00:00,"0514001",2008-10-20 00:00:00,S,"141","001 ",SERVICOS A SEREM PRESTADOS EM ASSUNTOS PREVIDENCIARIO CONF.CONTATO E          LICISTACAO., ,UM,1.0000,2000.000000,2000.0000,
"002",200800,"01","01  ",2008-05-14 00:00:00,"0514001",2008-11-25 00:00:00,V,"149","001 ",SERVICOS A SEREM PRESTADOS EM ASSUNTOS PREVIDENCIARIO CONF.CONTATO E          LICISTACAO., ,UM,1.0000,2000.000000,2000.0000,
"002",200800,"01","01  ",2008-06-02 00:00:00,"0602001",2008-06-20 00:00:00,V,"6745","001 ",SERVICOS A SEREM PRESTADO NA MANUTENCAODOS EQUIPAMENTOS DE INFORMATICA DO     LEGISLATIVO MUNICIPAL., ,UM,1.0000,500.000000,500.0000,
"002",200800,"01","01  ",2008-06-02 00:00:00,"0602002",2008-07-18 00:00:00,V,"7011","001 ","SERVICOS DE ASSESSORIA, CONSULTORIA E PROCESSAMENTO CONTABIL, CONF. LICITACAO E CONTRATO. NA COMPLEMENTCAO DA NE.0114001", ,UM,1.0000,2700.000000,2700.0000,
"002",200800,"01","01  ",2008-06-02 00:00:00,"0602002",2008-08-20 00:00:00,V,"6750","001 ","SERVICOS DE ASSESSORIA, CONSULTORIA E PROCESSAMENTO CONTABIL, CONF. LICITACAO E CONTRATO. NA COMPLEMENTCAO DA NE.0114001", ,UM,1.0000,2700.000000,2700.0000,
"002",200800,"01","01  ",2008-06-02 00:00:00,"0602002",2008-09-19 00:00:00,V,"7061","001 ","SERVICOS DE ASSESSORIA, CONSULTORIA E PROCESSAMENTO CONTABIL, CONF. LICITACAO E CONTRATO. NA COMPLEMENTCAO DA NE.0114001", ,UM,1.0000,2700.000000,2700.0000,
"002",200800,"01","01  ",2008-06-02 00:00:00,"0602002",2008-10-20 00:00:00,V,"7068","001 ","SERVICOS DE ASSESSORIA, CONSULTORIA E PROCESSAMENTO CONTABIL, CONF. LICITACAO E CONTRATO. NA COMPLEMENTCAO DA NE.0114001", ,UM,1.0000,2700.000000,2700.0000,
"002",200800,"01","01  ",2008-06-02 00:00:00,"0602002",2008-11-20 00:00:00,V,"7451","001 ","SERVICOS DE ASSESSORIA, CONSULTORIA E PROCESSAMENTO CONTABIL, CONF. LICITACAO E CONTRATO. NA COMPLEMENTCAO DA NE.0114001", ,UM,1.0000,2700.000000,2700.0000,
"002",200800,"01","01  ",2008-06-02 00:00:00,"0602002",2008-12-19 00:00:00,V,"7459","001 ","SERVICOS DE ASSESSORIA, CONSULTORIA E PROCESSAMENTO CONTABIL, CONF. LICITACAO E CONTRATO. NA COMPLEMENTCAO DA NE.0114001", ,UM,1.0000,2700.000000,2700.0000,
"002",200800,"01","01  ",2008-06-02 00:00:00,"0602003",2008-07-18 00:00:00,V,"7015","001 ",ASSESSORIA JURIDICA AO LEGISLATIVO MUNICIPAL.NA COMPLEMENTACAO DA NE.0114002, ,UM,1.0000,2700.000000,2700.0000,
"002",200800,"01","01  ",2008-06-02 00:00:00,"0602003",2008-08-20 00:00:00,V,"7055","001 ",ASSESSORIA JURIDICA AO LEGISLATIVO MUNICIPAL.NA COMPLEMENTACAO DA NE.0114002, ,UM,1.0000,2700.000000,2700.0000,
"002",200800,"01","01  ",2008-06-02 00:00:00,"0602003",2008-09-19 00:00:00,V,"7066","001 ",ASSESSORIA JURIDICA AO LEGISLATIVO MUNICIPAL.NA COMPLEMENTACAO DA NE.0114002, ,UM,1.0000,2700.000000,2700.0000,
"002",200800,"01","01  ",2008-06-02 00:00:00,"0602003",2008-10-20 00:00:00,V,"7073","001 ",ASSESSORIA JURIDICA AO LEGISLATIVO MUNICIPAL.NA COMPLEMENTACAO DA NE.0114002, ,UM,1.0000,2700.000000,2700.0000,
"002",200800,"01","01  ",2008-06-02 00:00:00,"0602003",2008-11-20 00:00:00,V,"7456","001 ",ASSESSORIA JURIDICA AO LEGISLATIVO MUNICIPAL.NA COMPLEMENTACAO DA NE.0114002, ,UM,1.0000,2700.000000,2700.0000,
"002",200800,"01","01  ",2008-06-02 00:00:00,"0602003",2008-12-19 00:00:00,V,"7462","001 ",ASSESSORIA JURIDICA AO LEGISLATIVO MUNICIPAL.NA COMPLEMENTACAO DA NE.0114002, ,UM,1.0000,2700.000000,2700.0000,
"002",200800,"01","01  ",2008-06-02 00:00:00,"0602004",2008-07-18 00:00:00,V,"7010","001 ",LOCACAO DE VEICULO CONF. CONTRATO E LICITACAO. NA COMPLEMENTACAO DA NE.0114003, ,UM,1.0000,3000.000000,3000.0000,
"002",200800,"01","01  ",2008-06-02 00:00:00,"0602004",2008-08-20 00:00:00,V,"6749","001 ",LOCACAO DE VEICULO CONF. CONTRATO E LICITACAO. NA COMPLEMENTACAO DA NE.0114003, ,UM,1.0000,3000.000000,3000.0000,
"002",200800,"01","01  ",2008-06-02 00:00:00,"0602004",2008-09-19 00:00:00,V,"7060","001 ",LOCACAO DE VEICULO CONF. CONTRATO E LICITACAO. NA COMPLEMENTACAO DA NE.0114003, ,UM,1.0000,3000.000000,3000.0000,
"002",200800,"01","01  ",2008-06-02 00:00:00,"0602004",2008-10-20 00:00:00,V,"7067","001 ",LOCACAO DE VEICULO CONF. CONTRATO E LICITACAO. NA COMPLEMENTACAO DA NE.0114003, ,UM,1.0000,3000.000000,3000.0000,
"002",200800,"01","01  ",2008-06-02 00:00:00,"0602004",2008-11-20 00:00:00,V,"7075","001 ",LOCACAO DE VEICULO CONF. CONTRATO E LICITACAO. NA COMPLEMENTACAO DA NE.0114003, ,UM,1.0000,3000.000000,3000.0000,
"002",200800,"01","01  ",2008-06-02 00:00:00,"0602004",2008-12-19 00:00:00,V,"7458","001 ",LOCACAO DE VEICULO CONF. CONTRATO E LICITACAO. NA COMPLEMENTACAO DA NE.0114003, ,UM,1.0000,3000.000000,3000.0000,
"002",200800,"01","01  ",2008-06-02 00:00:00,"0602005",2008-07-18 00:00:00,V,"7012","001 ",SERVICOS DE ASSESSORIA DE IMPRESSA CONF. LICITACAO E CONTRATO NA              COMPLEMENTACAO DA NE.0114005, ,UM,1.0000,1300.000000,1300.0000,
"002",200800,"01","01  ",2008-06-02 00:00:00,"0602005",2008-08-20 00:00:00,V,"7051","001 ",SERVICOS DE ASSESSORIA DE IMPRESSA CONF. LICITACAO E CONTRATO NA              COMPLEMENTACAO DA NE.0114005, ,UM,1.0000,1300.000000,1300.0000,
"002",200800,"01","01  ",2008-06-02 00:00:00,"0602005",2008-09-19 00:00:00,V,"7062","001 ",SERVICOS DE ASSESSORIA DE IMPRESSA CONF. LICITACAO E CONTRATO NA              COMPLEMENTACAO DA NE.0114005, ,UM,1.0000,1300.000000,1300.0000,
"002",200800,"01","01  ",2008-06-02 00:00:00,"0602005",2008-10-20 00:00:00,V,"7069","001 ",SERVICOS DE ASSESSORIA DE IMPRESSA CONF. LICITACAO E CONTRATO NA              COMPLEMENTACAO DA NE.0114005, ,UM,1.0000,1300.000000,1300.0000,
"002",200800,"01","01  ",2008-06-02 00:00:00,"0602005",2008-11-20 00:00:00,V,"7452","001 ",SERVICOS DE ASSESSORIA DE IMPRESSA CONF. LICITACAO E CONTRATO NA              COMPLEMENTACAO DA NE.0114005, ,UM,1.0000,1300.000000,1300.0000,
"002",200800,"01","01  ",2008-06-02 00:00:00,"0602005",2008-12-19 00:00:00,V,"7460","001 ",SERVICOS DE ASSESSORIA DE IMPRESSA CONF. LICITACAO E CONTRATO NA              COMPLEMENTACAO DA NE.0114005, ,UM,1.0000,1300.000000,1300.0000,
"002",200800,"01","01  ",2008-06-02 00:00:00,"0602006",2008-06-20 00:00:00,V,"6747","001 ","SERVICOS A SEREM PRESTADO NA ELABORACAO DE DCTF, REFERENTE AO 1 & 2 SEMESTRE  2006, 1 & 2 SEMESTRE 2007.", ,UM,1.0000,1100.000000,1100.0000,
"002",200800,"01","01  ",2008-06-10 00:00:00,"0610001",2008-06-20 00:00:00,M,"3072","001 ",AQUISICAO DE MATERIAL DE EXPEDIENTE, ,UM,1.0000,109.000000,109.0000,
"002",200800,"01","01  ",2008-07-02 00:00:00,"0702001",2008-07-18 00:00:00,V,"7014","001 ",SERVICOS A SEREM PRESTADO NA MANUTENCAODOS EQUIPAMENTOS DE INFORMATICA DO     LEGISLATIVO MUNICIPAL., ,UM,1.0000,500.000000,500.0000,
"002",200800,"01","01  ",2008-07-07 00:00:00,"0707001",2008-07-30 00:00:00,V,"7017","001 ",SERVICO A SEREM PRESTADO DE ASSESSEORIA TECNICA DE AUDITORIA CONTABIL         DESTINADA A ESTA CASA LEGISLATIVA, ,UM,1.0000,844.100000,844.1000,
"002",200800,"01","01  ",2008-08-04 00:00:00,"0804001",2008-08-20 00:00:00,V,"7054","001 ",SERVICOS A SEREM PRESTADOS NO FORNECIMENTO DE LANCHES EM SESSOES ORDINARIAS E EXTRAORDINAS DO LEGISLATIVO MUNICIPAL, ,UM,1.0000,400.000000,400.0000,
"002",200800,"01","01  ",2008-08-04 00:00:00,"0804002",2008-08-20 00:00:00,V,"7053","001 ",SERVICOS A SEREM PRESTADO NA MANUTENCAODOS EQUIPAMENTOS DE INFORMATICA DO     LEGISLATIVO MUNICIPAL., ,UM,1.0000,500.000000,500.0000,
"002",200800,"01","01  ",2008-08-04 00:00:00,"0804003",2008-08-25 00:00:00,V,"7058","001 ",SERVICOS A SEREM PRESTADOS NA DIGITALIZACAO PARA ARQUIVO DIGITAL DE           DOCUMENTOS CONTABEIS E ADMINISTRATIVOS DESTA CAMARA MUNICIPAL., ,UM,1.0000,1733.220000,1733.2200,
"002",200800,"01","01  ",2008-08-04 00:00:00,"0804004",2008-08-29 00:00:00,V,"7059","001 ",SERVICOS A SEREM PRESTADO NA ELABORACAO DA PROPOSTA ORCAMENTARIA DO           LEGISLATIVO MUNICIPAL PARA O EXERCICIO 2009, ,UM,1.0000,1625.000000,1625.0000,
"002",200800,"01","01  ",2008-09-02 00:00:00,"0902001",2008-09-19 00:00:00,V,"7064","001 ",SERVICOS A SEREM PRESTADO NA MANUTENCAODOS EQUIPAMENTOS DE INFORMATICA DO     LEGISLATIVO MUNICIPAL., ,UM,1.0000,500.000000,500.0000,
"002",200800,"01","01  ",2008-09-02 00:00:00,"0902002",2008-09-19 00:00:00,V,"7065","001 ",SERVICOS A SEREM PRESTADOS NO FORNECIMENTO DE LANCHES EM SESSOES ORDINARIAS E EXTRAORDINAS DO LEGISLATIVO MUNICIPAL, ,UM,1.0000,400.000000,400.0000,
"002",200800,"01","01  ",2008-10-02 00:00:00,"1002001",2008-10-20 00:00:00,V,"7072","001 ",SERVICOS A SEREM PRESTADOS NO FORNECIMENTO DE LANCHES EM SESSOES ORDINARIAS E EXTRAORDINAS DO LEGISLATIVO MUNICIPAL, ,UM,1.0000,400.000000,400.0000,
"002",200800,"01","01  ",2008-10-02 00:00:00,"1002002",2008-10-20 00:00:00,V,"7071","001 ",SERVICOS A SEREM PRESTADO NA MANUTENCAODOS EQUIPAMENTOS DE INFORMATICA DO     LEGISLATIVO MUNICIPAL., ,UM,1.0000,500.000000,500.0000,
"002",200800,"01","01  ",2008-10-06 00:00:00,"1006001",2008-10-28 00:00:00,V,"7074","001 ","SERVICOS A SEREM PRESTADO DE DETETIZACAO, LIMPEZA E REMOCAO DE CUPINS NA      ESTRUTURA FISICA(FORRO,TETO E PAREDES) DO LEGISLATIVO MUNICIPAL .", ,UM,1.0000,1763.300000,1763.3000,
"002",200800,"01","01  ",2008-11-03 00:00:00,"1103001",2008-11-20 00:00:00,V,"7454","001 ",SERVICOS A SEREM PRESTADO NA MANUTENCAODOS EQUIPAMENTOS DE INFORMATICA DO     LEGISLATIVO MUNICIPAL., ,UM,1.0000,500.000000,500.0000,
"002",200800,"01","01  ",2008-11-03 00:00:00,"1103002",2008-11-20 00:00:00,V,"7455","001 ",SERVICOS A SEREM PRESTADOS NO FORNECIMENTO DE LANCHES EM SESSOES ORDINARIAS E EXTRAORDINAS DO LEGISLATIVO MUNICIPAL, ,UM,1.0000,400.000000,400.0000,
"002",200800,"01","01  ",2008-11-03 00:00:00,"1103003",2008-11-20 00:00:00,V,"7076","001 ",SERVICOS A SEREM PRESTADO NA ORGANIZACAO DO ARQUIVO MORTO DESTE LEGISLATIVO   MUNICIPAL., ,UM,1.0000,1030.000000,1030.0000,
"002",200800,"01","01  ",2008-11-10 00:00:00,"1110001",2008-11-20 00:00:00,M,"3224","001 ",AQUISICAO DE MATERIAL DE EXPEDIENTE, ,UM,1.0000,115.200000,115.2000,
"002",200800,"01","01  ",2008-12-02 00:00:00,"1202001",2008-12-19 00:00:00,V,"7463","001 ",SERVICOS A SEREM PRESTADO NA MANUTENCAODOS EQUIPAMENTOS DE INFORMATICA DO     LEGISLATIVO MUNICIPAL., ,UM,1.0000,500.000000,500.0000,
"002",200800,"01","01  ",2008-12-18 00:00:00,"1218001",2008-12-18 00:00:00,V,"46960120","001 ",FORNECIMENTO DE AGUA AO PODER LEGISLATIVO DESTE MUNICIPIO., ,UM,1.0000,25.760000,25.7600,
"002",200900,"01","01  ",2009-01-02 00:00:00,"02010007",2009-01-20 00:00:00,S,"3586","001 ","VALOR EMPENHADO PARA ATENDER DESPESAS COM ALUGUEL DE SISTEMAS INFORMATIZADOS DE CONTABILIDADE, FOLHA DE PAGAMENTO E PATRIMONIO DESTINADO A ESTA CASA LEGISLATIVA", ,UM,1.0000,450.000000,450.0000,
"002",200900,"01","01  ",2009-01-02 00:00:00,"02010007",2009-02-20 00:00:00,S,"3637","001 ","VALOR EMPENHADO PARA ATENDER DESPESAS COM ALUGUEL DE SISTEMAS INFORMATIZADOS DE CONTABILIDADE, FOLHA DE PAGAMENTO E PATRIMONIO DESTINADO A ESTA CASA LEGISLATIVA", ,UM,1.0000,450.000000,450.0000,
"002",200900,"01","01  ",2009-01-02 00:00:00,"02010007",2009-03-20 00:00:00,V,"3702","001 ","VALOR EMPENHADO PARA ATENDER DESPESAS COM ALUGUEL DE SISTEMAS INFORMATIZADOS DE CONTABILIDADE, FOLHA DE PAGAMENTO E PATRIMONIO DESTINADO A ESTA CASA LEGISLATIVA", ,UM,1.0000,450.000000,450.0000,
"002",200900,"01","01  ",2009-01-02 00:00:00,"02010007",2009-04-20 00:00:00,S,"3757","001 ","VALOR EMPENHADO PARA ATENDER DESPESAS COM ALUGUEL DE SISTEMAS INFORMATIZADOS DE CONTABILIDADE, FOLHA DE PAGAMENTO E PATRIMONIO DESTINADO A ESTA CASA LEGISLATIVA",,UM,1.0000,450.000000,450.0000,
"002",200900,"01","01  ",2009-01-02 00:00:00,"02010007",2009-05-20 00:00:00,S,"3811","001 ","VALOR EMPENHADO PARA ATENDER DESPESAS COM ALUGUEL DE SISTEMAS INFORMATIZADOS DE CONTABILIDADE, FOLHA DE PAGAMENTO E PATRIMONIO DESTINADO A ESTA CASA LEGISLATIVA",,UM,1.0000,450.000000,450.0000,
"002",200900,"01","01  ",2009-01-02 00:00:00,"02010007",2009-06-19 00:00:00,S,"3873","001 ","VALOR EMPENHADO PARA ATENDER DESPESAS COM ALUGUEL DE SISTEMAS INFORMATIZADOS DE CONTABILIDADE, FOLHA DE PAGAMENTO E PATRIMONIO DESTINADO A ESTA CASA LEGISLATIVA",,UM,1.0000,450.000000,450.0000,
"002",200900,"01","01  ",2009-01-02 00:00:00,"02010007",2009-07-20 00:00:00,S,"3935","001 ","VALOR EMPENHADO PARA ATENDER DESPESAS COM ALUGUEL DE SISTEMAS INFORMATIZADOS DE CONTABILIDADE, FOLHA DE PAGAMENTO E PATRIMONIO DESTINADO A ESTA CASA LEGISLATIVA",,UM,1.0000,450.000000,450.0000,
"002",200900,"01","01  ",2009-01-02 00:00:00,"02010007",2009-08-20 00:00:00,S,"004013","001 ","VALOR EMPENHADO PARA ATENDER DESPESAS COM ALUGUEL DE SISTEMAS INFORMATIZADOS DE CONTABILIDADE, FOLHA DE PAGAMENTO E PATRIMONIO DESTINADO A ESTA CASA LEGISLATIVA",,UM,1.0000,450.000000,450.0000,
"002",200900,"01","01  ",2009-01-02 00:00:00,"02010007",2009-09-18 00:00:00,S,"4068","001 ","VALOR EMPENHADO PARA ATENDER DESPESAS COM ALUGUEL DE SISTEMAS INFORMATIZADOS DE CONTABILIDADE, FOLHA DE PAGAMENTO E PATRIMONIO DESTINADO A ESTA CASA LEGISLATIVA",,UM,1.0000,450.000000,450.0000,
"002",200900,"01","01  ",2009-01-02 00:00:00,"02010007",2009-10-20 00:00:00,S,"4140","001 ","VALOR EMPENHADO PARA ATENDER DESPESAS COM ALUGUEL DE SISTEMAS INFORMATIZADOS DE CONTABILIDADE, FOLHA DE PAGAMENTO E PATRIMONIO DESTINADO A ESTA CASA LEGISLATIVA",,UM,1.0000,450.000000,450.0000,
"002",200900,"01","01  ",2009-01-02 00:00:00,"02010007",2009-11-20 00:00:00,S,"4200","001 ","VALOR EMPENHADO PARA ATENDER DESPESAS COM ALUGUEL DE SISTEMAS INFORMATIZADOS DE CONTABILIDADE, FOLHA DE PAGAMENTO E PATRIMONIO DESTINADO A ESTA CASA LEGISLATIVA",,UM,1.0000,450.000000,450.0000,
"002",200900,"01","01  ",2009-01-02 00:00:00,"02010007",2009-12-18 00:00:00,S,"004264","001 ","VALOR EMPENHADO PARA ATENDER DESPESAS COM ALUGUEL DE SISTEMAS INFORMATIZADOS DE CONTABILIDADE, FOLHA DE PAGAMENTO E PATRIMONIO DESTINADO A ESTA CASA LEGISLATIVA",,UM,1.0000,450.000000,450.0000,
"002",200900,"01","01  ",2009-01-02 00:00:00,"02010009",2009-01-21 00:00:00,M,"4666","001 ",Cartucho impresora jato de tinta preto, ,UNIDADE,1.0000,25.000000,25.0000,
"002",200900,"01","01  ",2009-01-02 00:00:00,"02010010",2009-01-20 00:00:00,S,"7468","001 ",VALOR EMPENHADO PARA ETENDER DESPESAS COM SERVIÇOS DE MOTOTAXISTA A SER DESTINADO A ESTA PODER LEGISLATIVO MUNICIPAL, ,UM,1.0000,600.000000,600.0000,
"002",200900,"01","01  ",2009-01-02 00:00:00,"02010010",2009-02-20 00:00:00,V,"7829","001 ",VALOR EMPENHADO PARA ETENDER DESPESAS COM SERVIÇOS DE MOTOTAXISTA A SER DESTINADO A ESTA PODER LEGISLATIVO MUNICIPAL, ,UM,1.0000,600.000000,600.0000,
"002",200900,"01","01  ",2009-01-02 00:00:00,"02010010",2009-03-20 00:00:00,V,"7838","001 ",VALOR EMPENHADO PARA ETENDER DESPESAS COM SERVIÇOS DE MOTOTAXISTA A SER DESTINADO A ESTA PODER LEGISLATIVO MUNICIPAL, ,UM,1.0000,600.000000,600.0000,
"002",200900,"01","01  ",2009-01-02 00:00:00,"02010010",2009-04-20 00:00:00,V,"8101","001 ",VALOR EMPENHADO PARA ETENDER DESPESAS COM SERVIÇOS DE MOTOTAXISTA A SER DESTINADO A ESTA PODER LEGISLATIVO MUNICIPAL,,UM,1.0000,600.000000,600.0000,
"002",200900,"01","01  ",2009-01-02 00:00:00,"02010010",2009-05-20 00:00:00,V,"8109","001 ",VALOR EMPENHADO PARA ETENDER DESPESAS COM SERVIÇOS DE MOTOTAXISTA A SER DESTINADO A ESTA PODER LEGISLATIVO MUNICIPAL,,UM,1.0000,600.000000,600.0000,
"002",200900,"01","01  ",2009-01-02 00:00:00,"02010010",2009-06-19 00:00:00,V,"8120","001 ",VALOR EMPENHADO PARA ETENDER DESPESAS COM SERVIÇOS DE MOTOTAXISTA A SER DESTINADO A ESTA PODER LEGISLATIVO MUNICIPAL,,UM,1.0000,600.000000,600.0000,
"002",200900,"01","01  ",2009-01-02 00:00:00,"02010010",2009-07-20 00:00:00,V,"8513","001 ",VALOR EMPENHADO PARA ETENDER DESPESAS COM SERVIÇOS DE MOTOTAXISTA A SER DESTINADO A ESTA PODER LEGISLATIVO MUNICIPAL,,UM,1.0000,600.000000,600.0000,
"002",200900,"01","01  ",2009-01-02 00:00:00,"02010010",2009-08-20 00:00:00,V,"8530","001 ",VALOR EMPENHADO PARA ETENDER DESPESAS COM SERVIÇOS DE MOTOTAXISTA A SER DESTINADO A ESTA PODER LEGISLATIVO MUNICIPAL,,UM,1.0000,600.000000,600.0000,
"002",200900,"01","01  ",2009-01-02 00:00:00,"02010010",2009-09-18 00:00:00,V,"8539","001 ",VALOR EMPENHADO PARA ETENDER DESPESAS COM SERVIÇOS DE MOTOTAXISTA A SER DESTINADO A ESTA PODER LEGISLATIVO MUNICIPAL,,UM,1.0000,600.000000,600.0000,
"002",200900,"01","01  ",2009-01-02 00:00:00,"02010010",2009-10-20 00:00:00,V,"8548","001 ",VALOR EMPENHADO PARA ETENDER DESPESAS COM SERVIÇOS DE MOTOTAXISTA A SER DESTINADO A ESTA PODER LEGISLATIVO MUNICIPAL,,UM,1.0000,600.000000,600.0000,
"002",200900,"01","01  ",2009-01-02 00:00:00,"02010010",2009-11-20 00:00:00,V,"8758","001 ",VALOR EMPENHADO PARA ETENDER DESPESAS COM SERVIÇOS DE MOTOTAXISTA A SER DESTINADO A ESTA PODER LEGISLATIVO MUNICIPAL,,UM,1.0000,600.000000,600.0000,
"002",200900,"01","01  ",2009-01-02 00:00:00,"02010011",2009-01-20 00:00:00,S,"7469","001 ",VALOR EMPENHADO PARA ATENDER DESPESAS COM SERVIÇOS DE MANUTENÇÃO DE DOS  EQUIPAMANTOS DE INFORMÁTICA DESTA CASA LEGISLATIVA, ,UM,1.0000,500.000000,500.0000,
"002",200900,"01","01  ",2009-01-05 00:00:00,"05010001",2009-01-21 00:00:00,M,"313","001 ",VALOR EMPENHADO PARA ADENTER DESPESAS COM MATERIAL DE LIMPEZA, ,UM,1.0000,986.500000,986.5000,
"002",200900,"01","01  ",2009-01-12 00:00:00,"12010001",2009-01-20 00:00:00,S,"7465","001 ",VALOR EMPENHADO PARA ATENDER DESPESAS COM CONTRATAÇÃO DE PESSOA FISICA PARA EXECUTAR OS SERVIÇOS DE ASSESSORIA CONTABIL  DESTINADO AO LEGISLATIVO MUNICIPAL, ,UM,1.0000,3600.000000,3600.0000,
"002",200900,"01","01  ",2009-01-12 00:00:00,"12010001",2009-02-20 00:00:00,V,"7827","001 ",VALOR EMPENHADO PARA ATENDER DESPESAS COM CONTRATAÇÃO DE PESSOA FISICA PARA EXECUTAR OS SERVIÇOS DE ASSESSORIA CONTABIL  DESTINADO AO LEGISLATIVO MUNICIPAL, ,UM,1.0000,3600.000000,3600.0000,
"002",200900,"01","01  ",2009-01-12 00:00:00,"12010001",2009-03-20 00:00:00,V,"7841","001 ",VALOR EMPENHADO PARA ATENDER DESPESAS COM CONTRATAÇÃO DE PESSOA FISICA PARA EXECUTAR OS SERVIÇOS DE ASSESSORIA CONTABIL  DESTINADO AO LEGISLATIVO MUNICIPAL, ,UM,1.0000,3600.000000,3600.0000,
"002",200900,"01","01  ",2009-01-12 00:00:00,"12010001",2009-04-20 00:00:00,V,"7849","001 ",VALOR EMPENHADO PARA ATENDER DESPESAS COM CONTRATAÇÃO DE PESSOA FISICA PARA EXECUTAR OS SERVIÇOS DE ASSESSORIA CONTABIL  DESTINADO AO LEGISLATIVO MUNICIPAL,,UM,1.0000,3600.000000,3600.0000,
"002",200900,"01","01  ",2009-01-12 00:00:00,"12010001",2009-05-20 00:00:00,V,"8107","001 ",VALOR EMPENHADO PARA ATENDER DESPESAS COM CONTRATAÇÃO DE PESSOA FISICA PARA EXECUTAR OS SERVIÇOS DE ASSESSORIA CONTABIL  DESTINADO AO LEGISLATIVO MUNICIPAL,,UM,1.0000,3600.000000,3600.0000,
"002",200900,"01","01  ",2009-01-12 00:00:00,"12010001",2009-06-19 00:00:00,V,"8118","001 ",VALOR EMPENHADO PARA ATENDER DESPESAS COM CONTRATAÇÃO DE PESSOA FISICA PARA EXECUTAR OS SERVIÇOS DE ASSESSORIA CONTABIL  DESTINADO AO LEGISLATIVO MUNICIPAL,,UM,1.0000,3600.000000,3600.0000,
"002",200900,"01","01  ",2009-01-12 00:00:00,"12010002",2009-01-20 00:00:00,S,"7470","001 ",VALOR EMPENHADO PARA ATENDER DESPESAS COM SERVIÇOS DE ASSESSORIA JURIDICA DESTINADO A ESSA CASA LEGISLATIVA, ,UM,1.0000,3600.000000,3600.0000,
"002",200900,"01","01  ",2009-01-12 00:00:00,"12010002",2009-02-20 00:00:00,V,"7831","001 ",VALOR EMPENHADO PARA ATENDER DESPESAS COM SERVIÇOS DE ASSESSORIA JURIDICA DESTINADO A ESSA CASA LEGISLATIVA, ,UM,1.0000,3600.000000,3600.0000,
"002",200900,"01","01  ",2009-01-12 00:00:00,"12010002",2009-03-20 00:00:00,V,"7840","001 ",VALOR EMPENHADO PARA ATENDER DESPESAS COM SERVIÇOS DE ASSESSORIA JURIDICA DESTINADO A ESSA CASA LEGISLATIVA, ,UM,1.0000,3600.000000,3600.0000,
"002",200900,"01","01  ",2009-01-12 00:00:00,"12010002",2009-04-20 00:00:00,V,"8103","001 ",VALOR EMPENHADO PARA ATENDER DESPESAS COM SERVIÇOS DE ASSESSORIA JURIDICA DESTINADO A ESSA CASA LEGISLATIVA,,UM,1.0000,3600.000000,3600.0000,
"002",200900,"01","01  ",2009-01-12 00:00:00,"12010002",2009-05-20 00:00:00,V,"8111","001 ",VALOR EMPENHADO PARA ATENDER DESPESAS COM SERVIÇOS DE ASSESSORIA JURIDICA DESTINADO A ESSA CASA LEGISLATIVA,,UM,1.0000,3600.000000,3600.0000,
"002",200900,"01","01  ",2009-01-12 00:00:00,"12010002",2009-06-19 00:00:00,V,"8122","001 ",VALOR EMPENHADO PARA ATENDER DESPESAS COM SERVIÇOS DE ASSESSORIA JURIDICA DESTINADO A ESSA CASA LEGISLATIVA,,UM,1.0000,3600.000000,3600.0000,
"002",200900,"01","01  ",2009-01-12 00:00:00,"12010003",2009-01-20 00:00:00,S,"7464","001 ",VALOR EMPENHADO PARA ATENDER DESPESAS COM LOCAÇÃO DE VEICULO DSTINADO AO LEGISLATIVO MUNICIPAL, ,UM,1.0000,3500.000000,3500.0000,
"002",200900,"01","01  ",2009-01-12 00:00:00,"12010003",2009-02-20 00:00:00,S,"7826","001 ",VALOR EMPENHADO PARA ATENDER DESPESAS COM LOCAÇÃO DE VEICULO DSTINADO AO LEGISLATIVO MUNICIPAL, ,UM,1.0000,3500.000000,3500.0000,
"002",200900,"01","01  ",2009-01-12 00:00:00,"12010003",2009-03-20 00:00:00,V,"7836","001 ",VALOR EMPENHADO PARA ATENDER DESPESAS COM LOCAÇÃO DE VEICULO DSTINADO AO LEGISLATIVO MUNICIPAL, ,UM,1.0000,3500.000000,3500.0000,
"002",200900,"01","01  ",2009-01-12 00:00:00,"12010003",2009-04-20 00:00:00,V,"7848","001 ",VALOR EMPENHADO PARA ATENDER DESPESAS COM LOCAÇÃO DE VEICULO DSTINADO AO LEGISLATIVO MUNICIPAL,,UM,1.0000,3500.000000,3500.0000,
"002",200900,"01","01  ",2009-01-12 00:00:00,"12010003",2009-05-20 00:00:00,V,"8106","001 ",VALOR EMPENHADO PARA ATENDER DESPESAS COM LOCAÇÃO DE VEICULO DSTINADO AO LEGISLATIVO MUNICIPAL,,UM,1.0000,3500.000000,3500.0000,
"002",200900,"01","01  ",2009-01-12 00:00:00,"12010003",2009-06-19 00:00:00,V,"8117","001 ",VALOR EMPENHADO PARA ATENDER DESPESAS COM LOCAÇÃO DE VEICULO DSTINADO AO LEGISLATIVO MUNICIPAL,,UM,1.0000,3500.000000,3500.0000,
"002",200900,"01","01  ",2009-01-12 00:00:00,"12010004",2009-06-19 00:00:00,V,"8119","001 ",VALOR EMPENHADO PARA ATENDER DESPESAS COM SERVIÇOS DE ASSESSORIA DE IMPRENSA DESTINADO AO PODER LEGISLATIVO MUNICIPAL,,UM,1.0000,1500.000000,1500.0000,
"002",200900,"01","01  ",2009-01-13 00:00:00,"13010001",2009-12-18 00:00:00,S,"0461","001 ",VALOR EMPENHADO MPARA ATENDER DESPESAS COM SERVIÇOS TECNICO NA ELABORAÇÃO DE PROJETOS  E ACOMPANHAMENTO DOS ATOS DO LEGISLATIVO,,UM,1.0000,2500.000000,2500.0000,
"002",200900,"01","01  ",2009-01-14 00:00:00,"14010001",2009-07-20 00:00:00,V,"8124","001 ","VALOR EMPENHADO PARA ATENDER DESPESAS COM SERVIÇOS TECNICO DE ORGANIZAÇÃO DOS ACERVOS DE LEIS,PORTARIAS, RESOLUÇÕES E MATREIAS DO ARQUIVO MORTO DESTA CASA LEGISLATIVA",,UM,1.0000,1500.000000,1500.0000,
"002",200900,"01","01  ",2009-01-14 00:00:00,"14010002",2009-06-19 00:00:00,V,"8123","001 ",VALOR EMPENHADO PARA ATENDER DESPESAS COM SERVIÇOS DE ASSESSORIA TECNICA EM SISTEMAS DE CONTROLE INTERNOS DESTINADOS AO CONTROLES INTERNO DESTA CAMARA MUNICIPAL.,,UM,1.0000,2500.000000,2500.0000,
"002",200900,"01","01  ",2009-02-02 00:00:00,"02020001",2009-02-20 00:00:00,V,"7834","001 ",VALOR EMPENHADO PARA ETENDER DESEPAS COM FORNECIMENTO DE LANCHES  DESTINADOS AS SESSÕES ORDINARIAS E EXTRAORDINARIAS DO LEGISLATIVO MUNICIPAL, ,UM,1.0000,500.000000,500.0000,
"002",200900,"01","01  ",2009-02-13 00:00:00,"13020002",2009-02-18 00:00:00,M,"7694","001 ",TINTA PARA IMPRESSORA  HP ALTA RESOLUÇÃO COR PRETO, ,UNIDADE,1.0000,30.000000,30.0000,
"002",200900,"01","01  ",2009-03-02 00:00:00,"02030001",2009-03-20 00:00:00,V,"7842","001 ",VALOR EMPENHADO PARA  ATENDER DESPESAS COM FORNECIMENTO DE LANCHES  DESTINADO AO PODER LEGISLATIVO DURANTE AS SEÇÕES ORDINARIAS E EXTRAORDINARIAS DESTE LEGISLATIVO, ,UM,1.0000,500.000000,500.0000,
"002",200900,"01","01  ",2009-03-02 00:00:00,"02030002",2009-03-04 00:00:00,V,"7839","001 ",VALOR EMPENHADO PARA ATENDER DESPESAS COM SERVIÇOS  DE MANUTENÇÃO DE EQUIPAMENTOS DE INFORMATICA DESTINADO AO PODER LEGISLATIVO MUNICIPAL, ,UM,1.0000,500.000000,500.0000,
"002",200900,"01","01  ",2009-03-02 00:00:00,"02030003",2009-03-26 00:00:00,S,"0025","001 ",VALOR EMPENHADO PARA ATENDER DESPESAS COM CONFECÇÕES DE CAPAS DE PROCESSOS, ,UM,1.0000,375.000000,375.0000,
"002",200900,"01","01  ",2009-03-05 00:00:00,"05030001",2009-03-30 00:00:00,S,"10476","001 ",VALOR EMPENHADO APARA ATENDER DESPESAS COM AQUISICAÇÃO DE SUPRIMENTOS DE INFORMATICA, ,UM,1.0000,79.000000,79.0000,
"002",200900,"01","01  ",2009-04-02 00:00:00,"02040001",2009-04-20 00:00:00,V,"8104","001 ",VALOR EMPENHADO PARA ATENDER DESPESAS COM FORNECIMENTO DE LANCHES POR OCASIÃO DAS REUNIÕES ORDINARIAS E EXTRAORDINARIAS  DO LEGISLATIVO MUNICIPAL,,UM,1.0000,500.000000,500.0000,
"002",200900,"01","01  ",2009-04-02 00:00:00,"02040002",2009-04-20 00:00:00,V,"8102","001 ",VALOR EMPENHADO APARA ATENDER DESPESAS COMSERVIÇOS DE MANUTENÇÃO DO EQUIPAMENTOS DE INFORMATICA DO LEGISLATIVO MUNICIPAL,,UM,1.0000,500.000000,500.0000,
"002",200900,"01","01  ",2009-04-10 00:00:00,"10040001",2009-04-20 00:00:00,M,"3345","001 ",PASTA COLECIONADOR,,UNIDADE,19.0000,2.500000,47.5000,
"002",200900,"01","01  ",2009-04-10 00:00:00,"10040001",2009-04-20 00:00:00,M,"3345","002 ",ENVELOPE  AMARELOS A4,,UNIDADE,100.0000,0.200000,20.0000,
"002",200900,"01","01  ",2009-05-04 00:00:00,"04050001",2009-05-20 00:00:00,V,"8112","001 ",VALOR EMPENHGADO PARA ATENDER DESPESAS COM FORNECIMENTO DE LANCHES A SER DESTINADO AO LEGISLATIVO MUNICIPAL POR OCASIÃO DAS REUNIÕES ORDINARIAS E EXTRAORDINARIAS,,UM,1.0000,500.000000,500.0000,
"002",200900,"01","01  ",2009-05-04 00:00:00,"04050002",2009-05-20 00:00:00,V,"8110","001 ",VALOR EMPENHADO PAREA ATENDER DESPESAS COMSERVIÇOS DE MATUTENÇÃO DOS EQUIPAMENTOS DESTA CASA LEGISLATIVA,,UM,1.0000,500.000000,500.0000,
"002",200900,"01","01  ",2009-06-19 00:00:00,"19060001",2009-06-19 00:00:00,V,"8121","001 ",VALOR EMPENHADO PARA ATENDER DESPESAS COM SERVIÇOS PRESTADO NA MANUTENCAO DOS EQUIPAMENTOS DE INFORMATICA DO LEGISLATIVO MUNICIPAL,,UM,1.0000,500.000000,500.0000,
"002",200900,"01","01  ",2009-07-01 00:00:00,"01070001",2009-12-18 00:00:00,V,"8765","001 ",VALOR EMPENHADO PARA ATENDER DESPESAS COM LOCAÇÃO DE VEICULOS DESTINADO AO LEGISLATIVO MUNICIPAL CONFORME CONTRATO E LICITAÇÃO,,UM,1.0000,3500.000000,3500.0000,
"002",200900,"01","01  ",2009-07-01 00:00:00,"01070002",2009-12-18 00:00:00,V,"8767","001 ",VALOR EMPENHADO PARA ATENDER DESPESAS SERVIÇOS DE ASSESSORIA DE IMPRENSA CONF. LICITAÇÃO,,UM,1.0000,1500.000000,1500.0000,
"002",200900,"01","01  ",2009-07-01 00:00:00,"01070004",2009-12-18 00:00:00,V,"8766","001 ",VALOR EMENHADO PARA ATENDER DESPESAS COM  ASSESSORIA CONTABIL CONF. CONTRATO E LICITAÇÃO,,UM,1.0000,3600.000000,3600.0000,
"002",200900,"01","01  ",2009-07-01 00:00:00,"01070005",2009-12-18 00:00:00,V,"8769","001 ",VALOR EMPENHADO PARA ATENDER DESPESAS COM ASSESSORIA TECNICA EM SISTEMAS DE CONTROLE INTERNO CONF. CONTRATO E LICITAÇÃO,,UM,1.0000,2500.000000,2500.0000,
"002",200900,"01","01  ",2009-07-02 00:00:00,"02070001",2009-07-20 00:00:00,V,"8512","001 ",VALOR EMPENHADO PARA ATENDER DESPESAS COM SERVIÇOS MANUTENÇÃO DOS EQUIPAMENTOS DE INFORMATICA DO LEGISLATIVO MUNICIPAL,,UM,1.0000,500.000000,500.0000,
"002",200900,"01","01  ",2009-07-20 00:00:00,"20070001",2009-12-18 00:00:00,V,"8763","001 ","VALOR EMPENHADOPARA ATENDER DESPESAS COM SERVIÇOS TECNICOS  NA ORGANIZAÇÃO DOS ACERVOS DE LEIS, PORTARIAS, RESOLUÇÕES E MATERIAIS DO ARQUIVO MORTO DESTA CASA LEGISLATIVA CONF. LICITAÇÃO E CONTRATO",,UM,1.0000,1500.000000,1500.0000,
"002",200900,"01","01  ",2009-08-03 00:00:00,"03080001",2009-08-20 00:00:00,V,"8533","001 ",VALOR EMPENHADO PARA ATENDER DESPESAS COM FORNECIMENTOS DE LANCHES DESTINADO AS REUNIÕES ORDINARIAS E EXTRAORDINARIAS  DO LEGISLATIVO MUNICIPAL,,UM,1.0000,500.000000,500.0000,
"002",200900,"01","01  ",2009-08-03 00:00:00,"03080002",2009-08-20 00:00:00,V,"8531","001 ",VALOR EMPENHADO PARA ATENDER DESPESAS COM SERVIÇOS DE MANUTENÇAO DOS EQUIPAMENTOS DE INFORMATICA DO LEGISLATIVCO MUNICIPAL,,UM,1.0000,500.000000,500.0000,
"002",200900,"01","01  ",2009-09-02 00:00:00,"02090001",2009-09-18 00:00:00,V,"8542","001 ",VALOR EMPENHADO PARA ATENDER DESPESAS COM FORNECIMENTOS DE LACHES POR OCASIÇÃO DAS SESSÕES ORDINARIAS E EXTRAORDINARIAS DO LEGISLATIVO MUNICIPAL,,UM,1.0000,500.000000,500.0000,
"002",200900,"01","01  ",2009-09-02 00:00:00,"02090002",2009-09-18 00:00:00,V,"8540","001 ",VALOR EMPENHADO PARA ATENDER DESPESAS COM  SERVIÇOS DE MANUTENÇÃO DE MAQUINAS E EQUIPAMENTO DE INFORMATICA  DP LEGISLATIVO MUNICIPAL,,UM,1.0000,500.000000,500.0000,
"002",200900,"01","01  ",2009-09-02 00:00:00,"02090003",2009-09-18 00:00:00,S,"163","001 ",VALOR EMPENHADO PARA ATENDER DESPESAS COM INSTALAÇÃO DE KIT COADATO COM RADIO PARA TRANSMISSÃO DE INTERNETE VIA ONDA DE RADIO DESTINADO AO LEGISLATIVO MUNICIPAL,,UM,1.0000,189.000000,189.0000,
"002",200900,"01","01  ",2009-09-10 00:00:00,"10090001",2009-09-18 00:00:00,M,"3443","001 ",Item de despesa PASTA AZ,,UNIDADE,6.0000,6.500000,39.0000,
"002",200900,"01","01  ",2009-09-10 00:00:00,"10090001",2009-09-18 00:00:00,M,"3443","002 ",ENVELOPE  AMARELOS A4,,UNIDADE,50.0000,0.200000,10.0000,
"002",200900,"01","01  ",2009-09-10 00:00:00,"10090001",2009-09-18 00:00:00,M,"3443","003 ",ENVELOPE PEQUENO,,UNIDADE,20.0000,0.100000,2.0000,
"002",200900,"01","01  ",2009-09-10 00:00:00,"10090001",2009-09-18 00:00:00,M,"3443","004 ",PASTA COLECIONADOR,,UNIDADE,10.0000,2.600000,26.0000,
"002",200900,"01","01  ",2009-09-10 00:00:00,"10090001",2009-09-18 00:00:00,M,"3443","005 ",LIGAS AMARELAS,,PACOTE,1.0000,2.000000,2.0000,
"002",200900,"01","01  ",2009-09-10 00:00:00,"10090001",2009-09-18 00:00:00,M,"3443","006 ",CAPA DE PROCESSO,,UNIDADE,10.0000,0.500000,5.0000,
"002",200900,"01","01  ",2009-10-02 00:00:00,"02100001",2009-11-20 00:00:00,S,"208","001 ",VALOR EMPENHADO PARA ATENDER DESPESAS COM SERVIÇOS DE PROVEDOR DE INTERNET AO RADIO DESTINADO AO LEGISLATIVO MUNICIPAL,,UM,1.0000,60.000000,60.0000,
"002",200900,"01","01  ",2009-10-02 00:00:00,"02100001",2009-12-16 00:00:00,S,"231","001 ",VALOR EMPENHADO PARA ATENDER DESPESAS COM SERVIÇOS DE PROVEDOR DE INTERNET AO RADIO DESTINADO AO LEGISLATIVO MUNICIPAL,,UM,1.0000,60.000000,60.0000,
"002",200900,"01","01  ",2009-10-02 00:00:00,"02100002",2009-10-20 00:00:00,V,"8752","001 ","VALOR EMPENHADO PARA ATENDER DESPESAS COM, FORNECIMENTO DE LANCHES DESTINADAS AS REUNIÕES ORDINARIA E EXTRAORDINARIAS DO LEGISLATIVO MUNICIPAL",,UM,1.0000,500.000000,500.0000,
"002",200900,"01","01  ",2009-10-02 00:00:00,"02100003",2009-10-02 00:00:00,M,"5013","001 ",TONER IMPRESSORA LASER,,UNIDADE,1.0000,79.000000,79.0000,
"002",200900,"01","01  ",2009-11-03 00:00:00,"03110001",2009-11-20 00:00:00,V,"8759","001 ",valor empenhado para atender despesas com manuten;ao dos equipamentos de informatica do legislativo municipal,,UM,1.0000,500.000000,500.0000,
"002",200900,"01","01  ",2009-11-03 00:00:00,"03110002",2009-11-20 00:00:00,V,"8761","001 ",valor empenhado para atender despesas com fornecimento de lanches por ocasiao das sessoes ordinarias e extraordinarias no legislativo municipal,,UM,1.0000,500.000000,500.0000,
"002",200900,"01","01  ",2009-11-03 00:00:00,"03110003",2009-11-20 00:00:00,M,"3522","001 ",CAPA DE PROCESSO,,UNIDADE,500.0000,0.300000,150.0000,
"002",200900,"01","01  ",2009-12-10 00:00:00,"10120001",2009-12-18 00:00:00,M,"915","001 ",Item de despesa PAPEL A4,,RESMA,3.0000,13.990000,41.9700,
"002",200900,"01","01  ",2009-12-10 00:00:00,"10120001",2009-12-18 00:00:00,M,"915","002 ",Item de despesa CLIPS 3,,UNIDADE,1.0000,1.210000,1.2100,
"002",200900,"01","01  ",2009-12-10 00:00:00,"10120001",2009-12-18 00:00:00,M,"915","003 ",GRAMPO 266,,CAIXA,1.0000,3.000000,3.0000,
"002",200900,"02","01  ",2009-01-05 00:00:00,"0105020",2009-11-16 00:00:00,V,"000000000000097","001 ",SERVICOS PRESTADOS,,UND,1.0000,1980.000000,1980.0000,
"002",200900,"02","01  ",2009-01-05 00:00:00,"0105020",2009-12-16 00:00:00,V,"000000000000023","001 ",SERVICOS PRESTADOS,,UND,1.0000,660.000000,660.0000,
"002",200900,"08","02  ",2009-01-19 00:00:00,"0119010",2009-05-08 00:00:00,V,"000000000002080","001 ",PRESTACAO DE SERVICOS,,UND,1.0000,3200.000000,3200.0000,
"002",201000,"01","01  ",2010-01-04 00:00:00,"0104006",2010-04-20 00:00:00,V,"000000000000343","001 ",LOCACAO DE SISTEMAS DE INFORMATICA,,UND,1.0000,450.000000,450.0000,
"002",201000,"01","01  ",2010-01-04 00:00:00,"0104006",2010-10-20 00:00:00,V,"000000000000553","001 ",LOCACAO DE SISTEMAS INFORMATIZ,,UND,1.0000,450.000000,450.0000,
"002",201000,"01","01  ",2010-01-04 00:00:00,"0104006",2010-11-19 00:00:00,V,"000000000000580","001 ",LOCACAO DE SISTEMAS DE INFORMA,,UND,1.0000,450.000000,450.0000,
"002",201000,"01","01  ",2010-01-04 00:00:00,"0104007",2010-05-20 00:00:00,V,"000000000000312","001 ",PROVEDOR DE INTERNET,,UND,1.0000,60.000000,60.0000,
"002",201000,"01","01  ",2010-01-04 00:00:00,"0104007",2010-06-18 00:00:00,V,"000000000000334","001 ",SERVICOS DE PROVEDOR DE INTERNET,,UND,1.0000,60.000000,60.0000,
"002",201000,"01","01  ",2010-01-04 00:00:00,"0104007",2010-07-20 00:00:00,V,"000000000000338","001 ",PROVEDOR DE INTERNET,,UND,1.0000,60.000000,60.0000,
"002",201000,"01","01  ",2010-01-04 00:00:00,"0104007",2010-08-20 00:00:00,V,"000000000009583","001 ",PROVEDOR DE INTERNET,,UND,1.0000,60.000000,60.0000,
"002",201000,"01","01  ",2010-03-10 00:00:00,"0310001",2010-03-22 00:00:00,M,"000000000003601","001 ",EVELOPE AMARELO MEDIO,,UND,5.0000,0.200000,1.0000,
"002",201000,"01","01  ",2010-03-10 00:00:00,"0310001",2010-03-22 00:00:00,M,"000000000003601","002 ",PAPEL A4,,RS,2.0000,16.000000,32.0000,
"002",201000,"01","01  ",2010-03-10 00:00:00,"0310001",2010-03-22 00:00:00,M,"000000000003601","003 ",PASTA COLECIONADOR,,UND,10.0000,2.800000,28.0000,
"002",201000,"01","01  ",2010-04-09 00:00:00,"0409003",2010-04-20 00:00:00,V,"000000000009298","001 ",SERVICOS PRESTADOS,,UND,1.0000,265.700000,265.7000,
"002",201000,"01","01  ",2010-06-04 00:00:00,"0604001",2010-06-18 00:00:00,M,"000000000005497","001 ",TONER IMPRESORA LASER,,UND,1.0000,79.000000,79.0000,
"002",201000,"01","01  ",2010-06-04 00:00:00,"0604002",2010-06-18 00:00:00,M,"000000000000382","001 ",VASSOURA,,UND,5.0000,7.790000,38.9500,
"002",201000,"01","01  ",2010-06-04 00:00:00,"0604002",2010-06-18 00:00:00,M,"000000000000382","002 ",PAPEL HIGIENICO,,UND,48.0000,1.890000,90.7200,
"002",201000,"01","01  ",2010-06-04 00:00:00,"0604002",2010-06-18 00:00:00,M,"000000000000382","003 ",PANO DE CHAO,,UND,30.0000,1.190000,35.7000,
"002",201000,"01","01  ",2010-06-04 00:00:00,"0604002",2010-06-18 00:00:00,M,"000000000000382","004 ",AGUA SANITARIA,,UND,48.0000,1.590000,76.3200,
"002",201000,"01","01  ",2010-06-04 00:00:00,"0604002",2010-06-18 00:00:00,M,"000000000000382","005 ",SABAO EM PO,,UND,40.0000,3.490000,139.6000,
"002",201000,"01","01  ",2010-06-04 00:00:00,"0604002",2010-06-18 00:00:00,M,"000000000000382","006 ",DESINFETANTE PINHO SOL,,UND,24.0000,2.490000,59.7600,
"002",201000,"01","01  ",2010-06-04 00:00:00,"0604002",2010-06-18 00:00:00,M,"000000000000382","007 ",CERA LIQ. BRCO VERME,,UND,24.0000,4.490000,107.7600,
"002",201000,"01","01  ",2010-06-04 00:00:00,"0604002",2010-06-18 00:00:00,M,"000000000000382","008 ",LIMPA VIDROS,,UND,14.0000,5.640000,78.9600,
"002",201000,"01","01  ",2010-06-04 00:00:00,"0604002",2010-06-18 00:00:00,M,"000000000000382","009 ",LUSTRA MOVEIS,,UND,12.0000,3.000000,36.0000,
"002",201000,"01","01  ",2010-06-04 00:00:00,"0604002",2010-06-18 00:00:00,M,"000000000000382","010 ",PEDRA SANITARIA,,UND,22.0000,0.990000,21.7800,
"002",201000,"01","01  ",2010-06-04 00:00:00,"0604002",2010-06-18 00:00:00,M,"000000000000382","011 ",PAPEL TOALHA,,UND,24.0000,2.490000,59.7600,
"002",201000,"01","01  ",2010-06-04 00:00:00,"0604002",2010-06-18 00:00:00,M,"000000000000382","012 ",DETERGENTE,,UND,48.0000,1.140000,54.7200,
"002",201000,"01","01  ",2010-10-01 00:00:00,"1001001",2010-10-25 00:00:00,V,"000000000009596","001 ",ASSESSORIA TECNICA,,UND,1.0000,3800.000000,3800.0000,
"002",201000,"01","01  ",2010-10-05 00:00:00,"1005001",2010-10-25 00:00:00,V,"000000000009597","001 ",ASSESSORIA DE IMPRENSA,,UND,1.0000,1800.000000,1800.0000,
"002",201000,"01","01  ",2010-11-03 00:00:00,"1103001",2010-11-19 00:00:00,V,"000000000009601","001 ",SERVICOS PRESTADOS,,UND,1.0000,1600.000000,1600.0000,
"002",201000,"01","01  ",2010-12-08 00:00:00,"1208001",2010-12-08 00:00:00,M,"000000000003817","001 ",PASTA CLASSIFICADOR,,UND,20.0000,2.700000,54.0000,
"002",201000,"01","01  ",2010-12-08 00:00:00,"1208001",2010-12-08 00:00:00,M,"000000000003817","002 ",ENVELOPE SACO MEDIO,,UND,28.0000,0.250000,7.0000,
"002",201000,"03","01  ",2010-02-10 00:00:00,"0210003",2010-02-12 00:00:00,M,"000000000025581","001 ",CAPA DE PROCESSOS,,UND,5000.0000,0.200000,1000.0000,